filename,method,model,generation_seed,condition,prevalence_mix,prompt_context,n_records,n_columns,n_missing_age,synthetic_id_column,extends_file,prefix_records,sha256,model_revision,precision,temperature,top_p,top_k,min_p,epochs,backend,dependence
data/ctgan_natural_seed42_n564.csv,ctgan,ctgan,42,matched,natural,not_applicable,564,71,5,,,0,b30116c8c75f6554e25c2bad6558575ffb4bcfe14b867f585e05d0e4daeb667c,,,,,,,500,cuda,not_applicable
data/ctgan_natural_seed43_n564.csv,ctgan,ctgan,43,matched,natural,not_applicable,564,71,5,,,0,b2ebc5e466559f4dc4bdf0b98ea3ca4ebf2253daa9041180b24efdd0ab518f9f,,,,,,,500,cuda,not_applicable
data/ctgan_natural_seed44_n564.csv,ctgan,ctgan,44,matched,natural,not_applicable,564,71,5,,,0,1895351ccd824b2551fa92ba533164e17939cddd59779562d41e42200dbf3f90,,,,,,,500,cuda,not_applicable
data/qwen3.5-27b_balanced_own-severity_seed42_n2260.csv,cocast,qwen3.5-27b,42,expanded,balanced,own,2260,72,11,ID,data/qwen3.5-27b_balanced_own-severity_seed42_n564.csv,564,7730a9f27c8f684d6109f597c223d340de73f2279593b2d45ccd81a7432660e5,fc05daec18b0a78c049392ed2e771dde82bdf654,bf16,1.0,1.0,-1,0.0,,vllm,copula
data/qwen3.5-27b_balanced_own-severity_seed42_n564.csv,cocast,qwen3.5-27b,42,matched,balanced,own,564,72,4,ID,,0,28d81112485175bfa69f5a4ca1be8acb64eddee7bd8ee39b975d08efac38e42e,fc05daec18b0a78c049392ed2e771dde82bdf654,bf16,1.0,1.0,-1,0.0,,vllm,copula
data/qwen3.5-27b_balanced_own-severity_seed43_n2260.csv,cocast,qwen3.5-27b,43,expanded,balanced,own,2260,72,4,ID,data/qwen3.5-27b_balanced_own-severity_seed43_n564.csv,564,17483a41030c6dae4682cab8466b09cfaa9a5b24b5ae411106b587f036be17c0,fc05daec18b0a78c049392ed2e771dde82bdf654,bf16,1.0,1.0,-1,0.0,,vllm,copula
data/qwen3.5-27b_balanced_own-severity_seed43_n564.csv,cocast,qwen3.5-27b,43,matched,balanced,own,564,72,1,ID,,0,8f43e2c85c8ac435817ba42d966c96948de2cbc7d77a10844052bc8a732bb555,fc05daec18b0a78c049392ed2e771dde82bdf654,bf16,1.0,1.0,-1,0.0,,vllm,copula
data/qwen3.5-27b_balanced_own-severity_seed44_n2260.csv,cocast,qwen3.5-27b,44,expanded,balanced,own,2260,72,6,ID,data/qwen3.5-27b_balanced_own-severity_seed44_n564.csv,564,24c98d546998e32ea5b4815434a33e9c4e0a6aefb07c66bfbfca9e7d53b46568,fc05daec18b0a78c049392ed2e771dde82bdf654,bf16,1.0,1.0,-1,0.0,,vllm,copula
data/qwen3.5-27b_balanced_own-severity_seed44_n564.csv,cocast,qwen3.5-27b,44,matched,balanced,own,564,72,3,ID,,0,6c4f0e3f98749c92ceccb9439a42de14d517722bb4fe93d239f8796b9f5f8300,fc05daec18b0a78c049392ed2e771dde82bdf654,bf16,1.0,1.0,-1,0.0,,vllm,copula
data/qwen3.5-27b_copula-ablation_seed42_n564.csv,copula_ablation,qwen3.5-27b,42,ablation,natural,own,564,72,4,ID,,0,091056329103ed87f1d9cf016678fb0272e19e63553fcb0226d68125fcd51ca7,fc05daec18b0a78c049392ed2e771dde82bdf654,bf16,1.0,1.0,-1,0.0,,vllm,independent
data/qwen3.5-27b_copula-ablation_seed43_n564.csv,copula_ablation,qwen3.5-27b,43,ablation,natural,own,564,72,1,ID,,0,74de113b511e6376897f15aed25024000a73fb10073fc72dc19b5f93638d4d67,fc05daec18b0a78c049392ed2e771dde82bdf654,bf16,1.0,1.0,-1,0.0,,vllm,independent
data/qwen3.5-27b_copula-ablation_seed44_n564.csv,copula_ablation,qwen3.5-27b,44,ablation,natural,own,564,72,3,ID,,0,dbfdb6a5471dd72b16fb8440ee2d7c24af4aa74be0746e4619a9d333ea1096dd,fc05daec18b0a78c049392ed2e771dde82bdf654,bf16,1.0,1.0,-1,0.0,,vllm,independent
data/qwen3.5-27b_natural_full-severity_seed42_n564.csv,cocast,qwen3.5-27b,42,matched,natural,full,564,72,4,ID,,0,cc50dfdda7cdc802ba9a4fef8411ca69f22ef601aedd0a35fb8c21652223089e,fc05daec18b0a78c049392ed2e771dde82bdf654,bf16,1.0,1.0,-1,0.0,,vllm,copula
data/qwen3.5-27b_natural_full-severity_seed43_n564.csv,cocast,qwen3.5-27b,43,matched,natural,full,564,72,1,ID,,0,cb3350a33e21ac2a37e22d56a595a8c0d23b69d77e286203d21a3c20084a288c,fc05daec18b0a78c049392ed2e771dde82bdf654,bf16,1.0,1.0,-1,0.0,,vllm,copula
data/qwen3.5-27b_natural_full-severity_seed44_n564.csv,cocast,qwen3.5-27b,44,matched,natural,full,564,72,3,ID,,0,d598ea53b5ad09b4fb78bcc6a387c66ecbd0bf98486619b15350c88ce845bd23,fc05daec18b0a78c049392ed2e771dde82bdf654,bf16,1.0,1.0,-1,0.0,,vllm,copula
data/qwen3.5-27b_natural_own-severity_seed42_n2260.csv,cocast,qwen3.5-27b,42,expanded,natural,own,2260,72,11,ID,data/qwen3.5-27b_natural_own-severity_seed42_n564.csv,564,a079877205bd0767c4609c8ec2072b250e4882342ea55fb58df7ca0152eff879,fc05daec18b0a78c049392ed2e771dde82bdf654,bf16,1.0,1.0,-1,0.0,,vllm,copula
data/qwen3.5-27b_natural_own-severity_seed42_n564.csv,cocast,qwen3.5-27b,42,matched,natural,own,564,72,4,ID,,0,a2692af72c0b3157707f7e669b37ec8d64464beca9fb0dda7591dda69fd1bde4,fc05daec18b0a78c049392ed2e771dde82bdf654,bf16,1.0,1.0,-1,0.0,,vllm,copula
data/qwen3.5-27b_natural_own-severity_seed43_n2260.csv,cocast,qwen3.5-27b,43,expanded,natural,own,2260,72,4,ID,data/qwen3.5-27b_natural_own-severity_seed43_n564.csv,564,e85d947e797d2c89a66e9c00e377cf9cc3c4437a2246184fa5edaac0a995b35f,fc05daec18b0a78c049392ed2e771dde82bdf654,bf16,1.0,1.0,-1,0.0,,vllm,copula
data/qwen3.5-27b_natural_own-severity_seed43_n564.csv,cocast,qwen3.5-27b,43,matched,natural,own,564,72,1,ID,,0,083d5ba928122665a75f2e1caeb5439f6a411ad82d799aa30cbf2fd960c21085,fc05daec18b0a78c049392ed2e771dde82bdf654,bf16,1.0,1.0,-1,0.0,,vllm,copula
data/qwen3.5-27b_natural_own-severity_seed44_n2260.csv,cocast,qwen3.5-27b,44,expanded,natural,own,2260,72,6,ID,data/qwen3.5-27b_natural_own-severity_seed44_n564.csv,564,bf01011b01464c699a0eea866613bd6b9f6e6e2eb1293f9b90a3a8d235fa00e2,fc05daec18b0a78c049392ed2e771dde82bdf654,bf16,1.0,1.0,-1,0.0,,vllm,copula
data/qwen3.5-27b_natural_own-severity_seed44_n564.csv,cocast,qwen3.5-27b,44,matched,natural,own,564,72,3,ID,,0,7fb17ec886ade85d9e4382fd74e7ae1b8ed28f2993399ad8b0150bdb986a9590,fc05daec18b0a78c049392ed2e771dde82bdf654,bf16,1.0,1.0,-1,0.0,,vllm,copula
data/qwen3.5-4b_balanced_own-severity_seed42_n564.csv,cocast,qwen3.5-4b,42,matched,balanced,own,564,72,4,ID,,0,059c12c2fd994732fc987ce8197125e1d0677b1edea6fc12a85999f528b28b0c,851bf6e806efd8d0a36b00ddf55e13ccb7b8cd0a,bf16,1.0,1.0,-1,0.0,,vllm,copula
data/qwen3.5-4b_balanced_own-severity_seed43_n564.csv,cocast,qwen3.5-4b,43,matched,balanced,own,564,72,1,ID,,0,59aff6828bb52ed078f2f40a293ea905630a54dcf8112ad91912de59347a49b9,851bf6e806efd8d0a36b00ddf55e13ccb7b8cd0a,bf16,1.0,1.0,-1,0.0,,vllm,copula
data/qwen3.5-4b_balanced_own-severity_seed44_n564.csv,cocast,qwen3.5-4b,44,matched,balanced,own,564,72,3,ID,,0,b72a222d70d9add51461437aad43b7c7b785fd9b7fa3d2c2f9d1590f14250a41,851bf6e806efd8d0a36b00ddf55e13ccb7b8cd0a,bf16,1.0,1.0,-1,0.0,,vllm,copula
data/qwen3.5-4b_natural_full-severity_seed42_n564.csv,cocast,qwen3.5-4b,42,matched,natural,full,564,72,4,ID,,0,aa8a49cb74341da0a8468f939744a036bd716ec75999768e4e1291e1b0a3303c,851bf6e806efd8d0a36b00ddf55e13ccb7b8cd0a,bf16,1.0,1.0,-1,0.0,,vllm,copula
data/qwen3.5-4b_natural_full-severity_seed43_n564.csv,cocast,qwen3.5-4b,43,matched,natural,full,564,72,1,ID,,0,a77f6da668ec909028f9a97de245f573ac51c0a220ddee3a1e10ec73fb0418e9,851bf6e806efd8d0a36b00ddf55e13ccb7b8cd0a,bf16,1.0,1.0,-1,0.0,,vllm,copula
data/qwen3.5-4b_natural_full-severity_seed44_n564.csv,cocast,qwen3.5-4b,44,matched,natural,full,564,72,3,ID,,0,eaa4aa985c03da202137b4ee0a879a3d1903498ea431eceabbf4b50c958e5132,851bf6e806efd8d0a36b00ddf55e13ccb7b8cd0a,bf16,1.0,1.0,-1,0.0,,vllm,copula
data/qwen3.5-4b_natural_own-severity_seed42_n564.csv,cocast,qwen3.5-4b,42,matched,natural,own,564,72,4,ID,,0,1203a55399d6061b47bc8678417d78b26b5b8b8d838f8a942f5105e67ef1de05,851bf6e806efd8d0a36b00ddf55e13ccb7b8cd0a,bf16,1.0,1.0,-1,0.0,,vllm,copula
data/qwen3.5-4b_natural_own-severity_seed43_n564.csv,cocast,qwen3.5-4b,43,matched,natural,own,564,72,1,ID,,0,8635302ae88f47ad4ac4095de394c719bacc238c8092edcda13946c9d961548a,851bf6e806efd8d0a36b00ddf55e13ccb7b8cd0a,bf16,1.0,1.0,-1,0.0,,vllm,copula
data/qwen3.5-4b_natural_own-severity_seed44_n564.csv,cocast,qwen3.5-4b,44,matched,natural,own,564,72,3,ID,,0,b68a85c0c2a0d8aaff7d8281f70a640e1418701c98512442dae09ca254c2f6af,851bf6e806efd8d0a36b00ddf55e13ccb7b8cd0a,bf16,1.0,1.0,-1,0.0,,vllm,copula
data/qwen3.5-9b_balanced_own-severity_seed42_n564.csv,cocast,qwen3.5-9b,42,matched,balanced,own,564,72,4,ID,,0,f24e1dc8e02333dc07be7c8ec6ec06a5e7b19ea188341350b533079a25fd1ed1,c202236235762e1c871ad0ccb60c8ee5ba337b9a,bf16,1.0,1.0,-1,0.0,,vllm,copula
data/qwen3.5-9b_balanced_own-severity_seed43_n564.csv,cocast,qwen3.5-9b,43,matched,balanced,own,564,72,1,ID,,0,2e89ab769088a13c3938bddeb4f14b126e86287b117eeadb7b409a153d69dfdb,c202236235762e1c871ad0ccb60c8ee5ba337b9a,bf16,1.0,1.0,-1,0.0,,vllm,copula
data/qwen3.5-9b_balanced_own-severity_seed44_n564.csv,cocast,qwen3.5-9b,44,matched,balanced,own,564,72,3,ID,,0,026a60e816f95e49eedaa68aae2e5d5a4307f4f8363478d35c398b9a21d7ae28,c202236235762e1c871ad0ccb60c8ee5ba337b9a,bf16,1.0,1.0,-1,0.0,,vllm,copula
data/qwen3.5-9b_natural_full-severity_seed42_n564.csv,cocast,qwen3.5-9b,42,matched,natural,full,564,72,4,ID,,0,3c7beada958fb1e299b2411331845069dbfc9186b7df6ac20ad80870e29001da,c202236235762e1c871ad0ccb60c8ee5ba337b9a,bf16,1.0,1.0,-1,0.0,,vllm,copula
data/qwen3.5-9b_natural_full-severity_seed43_n564.csv,cocast,qwen3.5-9b,43,matched,natural,full,564,72,1,ID,,0,e5c427b205e82141e55209428891c743f512c7f39588a6cfcec9d7e6ad017f12,c202236235762e1c871ad0ccb60c8ee5ba337b9a,bf16,1.0,1.0,-1,0.0,,vllm,copula
data/qwen3.5-9b_natural_full-severity_seed44_n564.csv,cocast,qwen3.5-9b,44,matched,natural,full,564,72,3,ID,,0,81d0af9d3371ac9d7302aff6382f6d0441cd46f34e6fed112b71e78e4c7ab07f,c202236235762e1c871ad0ccb60c8ee5ba337b9a,bf16,1.0,1.0,-1,0.0,,vllm,copula
data/qwen3.5-9b_natural_own-severity_seed42_n564.csv,cocast,qwen3.5-9b,42,matched,natural,own,564,72,4,ID,,0,1a9f1aea6af723e65fbb6e52acd1b1e28a35561a2ecb2289efaceedb78534b74,c202236235762e1c871ad0ccb60c8ee5ba337b9a,bf16,1.0,1.0,-1,0.0,,vllm,copula
data/qwen3.5-9b_natural_own-severity_seed43_n564.csv,cocast,qwen3.5-9b,43,matched,natural,own,564,72,1,ID,,0,7c5919ca3d4dad4b01f904d08bd254a9629b864602857dc472dc346906ea6051,c202236235762e1c871ad0ccb60c8ee5ba337b9a,bf16,1.0,1.0,-1,0.0,,vllm,copula
data/qwen3.5-9b_natural_own-severity_seed44_n564.csv,cocast,qwen3.5-9b,44,matched,natural,own,564,72,3,ID,,0,7c1cd8ab4a6f04ddee546f6b4b7c517753b3a74e82ae84d57a9fc7f9bfecddec,c202236235762e1c871ad0ccb60c8ee5ba337b9a,bf16,1.0,1.0,-1,0.0,,vllm,copula
data/tvae_natural_seed42_n564.csv,tvae,tvae,42,matched,natural,not_applicable,564,71,5,,,0,27fe96f3fb7b25f2d348d8725388ca9ab94034a9a9c11dc6e42e29e6f7f29f0a,,,,,,,500,cuda,not_applicable
data/tvae_natural_seed43_n564.csv,tvae,tvae,43,matched,natural,not_applicable,564,71,5,,,0,27b043e404087db14fa0927b8a6a4dff62a676dec9ea5dfb5f1839182cc073f7,,,,,,,500,cuda,not_applicable
data/tvae_natural_seed44_n564.csv,tvae,tvae,44,matched,natural,not_applicable,564,71,5,,,0,05659a7eba5d310d095cdce326654417b4df82f80e6af35b11de704755daf412,,,,,,,500,cuda,not_applicable
