ID,W1_age_r,W1_sex_r,W1_depression_it1,W1_depression_it2,W1_depression_it3,W1_depression_it4,W1_depression_it5,W1_depression_it6,W1_depression_it7,W1_depression_it8,W1_depression_it9,W1_separation_anxiety_it1,W1_separation_anxiety_it2,W1_separation_anxiety_it3,W1_separation_anxiety_it4,W1_separation_anxiety_it5,W1_separation_anxiety_it6,W1_separation_anxiety_it7,W1_separation_anxiety_it8,W1_separation_anxiety_it9,W1_separation_anxiety_it10,W1_specific_phobia_it1,W1_specific_phobia_it2,W1_specific_phobia_it3,W1_specific_phobia_it4,W1_specific_phobia_it5,W1_specific_phobia_it6,W1_specific_phobia_it7,W1_specific_phobia_it8,W1_specific_phobia_it9,W1_specific_phobia_it10,W1_social_anxiety_it1,W1_social_anxiety_it2,W1_social_anxiety_it3,W1_social_anxiety_it4,W1_social_anxiety_it5,W1_social_anxiety_it6,W1_social_anxiety_it7,W1_social_anxiety_it8,W1_social_anxiety_it9,W1_social_anxiety_it10,W1_panic_it1,W1_panic_it2,W1_panic_it3,W1_panic_it4,W1_panic_it5,W1_panic_it6,W1_panic_it7,W1_panic_it8,W1_panic_it9,W1_panic_it10,W1_agoraphobia_it1,W1_agoraphobia_it2,W1_agoraphobia_it3,W1_agoraphobia_it4,W1_agoraphobia_it5,W1_agoraphobia_it6,W1_agoraphobia_it7,W1_agoraphobia_it8,W1_agoraphobia_it9,W1_agoraphobia_it10,W1_generalized_anxiety_it1,W1_generalized_anxiety_it2,W1_generalized_anxiety_it3,W1_generalized_anxiety_it4,W1_generalized_anxiety_it5,W1_generalized_anxiety_it6,W1_generalized_anxiety_it7,W1_generalized_anxiety_it8,W1_generalized_anxiety_it9,W1_generalized_anxiety_it10
syn_aggregate_00001,18,2.0,1,2,1,2,1,2,1,1,1,1,1,1,2,1,1,2,1,2,1,2,2,1,2,1,1,1,2,2,1,0,1,0,0,1,0,0,1,1,0,2,1,2,1,1,0,0,0,1,2,1,1,1,0,0,2,0,1,1,0,0,0,0,0,1,0,0,0,0,0
syn_aggregate_00002,22,1.0,2,2,1,2,1,1,1,1,0,1,2,1,0,1,2,1,2,1,1,1,2,2,2,2,2,1,1,1,0,0,0,1,0,0,0,0,0,0,0,2,1,3,2,1,2,1,2,1,1,3,3,3,2,2,1,1,2,1,2,0,1,1,2,1,0,0,1,1,1
syn_aggregate_00003,18,2.0,1,2,1,1,1,0,1,0,0,1,0,0,1,0,0,0,1,0,0,2,3,2,2,1,3,2,3,2,2,0,0,1,0,0,1,1,1,0,0,0,1,0,2,0,1,0,0,2,0,0,1,1,0,1,0,0,0,1,0,0,0,0,0,0,0,0,0,0,0
syn_aggregate_00004,19,1.0,0,0,0,0,0,0,0,0,0,0,0,0,0,1,0,0,0,0,1,0,0,0,0,0,0,0,0,0,0,0,0,0,0,0,0,0,1,0,0,0,0,0,0,0,0,0,0,0,0,0,2,1,1,1,0,2,0,1,0,1,1,0,0,2,0,0,0,0,0
syn_aggregate_00005,21,2.0,0,1,0,0,0,0,0,0,0,0,0,0,2,0,1,0,1,1,0,0,0,0,0,0,0,0,0,0,0,1,1,2,1,2,1,2,1,1,2,0,0,0,1,1,0,0,0,1,0,0,0,0,0,0,1,1,0,1,0,1,1,1,0,1,0,0,0,1,1
syn_aggregate_00006,19,2.0,0,2,1,2,0,1,1,0,1,1,2,1,2,1,1,2,1,2,1,2,2,2,2,2,1,1,1,2,0,1,2,2,1,1,2,2,2,1,3,2,2,1,1,1,1,0,0,1,0,3,4,2,2,3,4,3,3,2,1,2,2,1,1,2,1,1,1,1,2
syn_aggregate_00007,21,2.0,1,1,0,0,0,0,0,0,0,1,1,0,0,0,0,0,1,1,0,0,0,0,0,0,0,1,0,1,0,0,0,1,0,0,0,0,0,0,0,1,1,0,0,1,1,1,0,1,0,0,1,0,0,0,0,0,0,0,0,0,1,0,0,0,0,0,0,0,0
syn_aggregate_00008,20,1.0,0,0,0,0,0,0,0,0,0,0,1,0,0,1,0,0,0,1,0,0,0,0,0,0,1,1,0,1,0,2,3,2,1,1,2,3,2,2,1,0,0,0,0,0,0,0,0,0,0,0,1,1,1,1,2,1,1,0,1,0,0,0,0,0,0,0,0,0,1
syn_aggregate_00009,21,2.0,1,1,1,1,0,1,1,0,0,2,1,2,1,1,0,1,2,1,1,2,2,1,2,2,2,1,2,1,2,1,1,1,0,1,1,1,1,0,0,0,0,0,0,0,1,0,0,2,1,2,1,1,1,0,1,0,0,0,0,0,2,1,1,1,0,0,2,1,2
syn_aggregate_00010,21,1.0,0,2,1,2,0,1,1,0,0,0,1,0,0,0,0,0,1,0,0,2,2,2,2,1,1,1,2,1,1,1,0,0,0,0,0,0,1,0,1,4,3,4,3,3,2,2,2,2,3,0,0,0,1,1,0,1,0,0,0,1,1,2,2,2,1,1,1,1,1
syn_aggregate_00011,32,2.0,1,2,1,1,0,1,0,0,0,1,1,1,0,0,0,0,0,0,0,0,0,0,0,0,0,0,1,0,0,4,3,2,1,2,3,2,1,1,1,0,0,0,0,1,0,0,0,0,0,0,0,0,0,0,0,0,1,0,0,1,1,1,1,1,1,1,1,1,0
syn_aggregate_00012,19,2.0,0,0,0,0,0,1,0,0,0,0,0,0,0,0,0,0,0,0,0,3,2,3,2,2,2,2,2,2,1,1,2,1,1,2,1,1,2,1,0,0,0,0,0,0,0,0,0,0,0,0,0,0,0,0,0,0,0,0,0,0,1,0,0,0,0,0,0,1,0
syn_aggregate_00013,22,1.0,1,1,0,1,1,1,1,0,0,0,0,0,0,0,0,0,1,1,0,3,3,2,3,2,3,3,3,2,3,3,3,3,2,3,1,1,2,2,2,0,0,0,0,0,0,0,0,0,0,3,4,3,3,2,4,3,3,2,4,1,3,1,2,2,0,0,2,1,2
syn_aggregate_00014,18,2.0,2,3,2,2,1,1,1,1,0,0,0,0,1,0,0,0,0,0,0,2,1,2,1,3,2,1,2,2,1,4,4,4,4,4,4,3,4,3,4,1,0,0,0,0,0,0,0,0,0,2,2,3,1,1,4,4,3,1,0,2,3,4,3,2,4,3,4,2,2
syn_aggregate_00015,23,1.0,2,3,3,2,2,1,2,1,0,1,0,1,1,1,1,0,1,1,0,3,3,3,2,2,3,2,3,2,2,3,2,3,2,2,2,3,2,2,2,1,1,0,1,1,1,0,1,1,1,1,1,1,1,0,2,1,1,0,0,2,1,1,1,1,2,1,1,1,1
syn_aggregate_00016,22,2.0,0,0,0,0,0,0,0,0,0,0,0,0,1,0,0,0,0,1,0,2,3,3,2,3,3,2,4,1,3,0,0,0,0,0,0,1,0,0,0,0,0,0,0,0,1,0,0,0,0,0,0,1,0,0,0,0,0,0,0,1,1,1,1,1,0,0,0,0,0
syn_aggregate_00017,20,2.0,1,0,0,0,0,0,0,0,0,2,3,2,2,2,1,1,2,0,1,1,1,0,0,0,0,1,1,0,0,0,0,0,0,0,0,0,1,0,0,0,1,0,1,0,0,0,0,0,0,1,1,0,1,1,1,0,0,1,0,0,0,0,0,0,0,0,1,1,0
syn_aggregate_00018,19,1.0,0,2,2,1,0,0,0,0,0,0,0,0,0,0,0,0,0,0,1,3,3,2,3,2,2,3,2,3,3,1,2,1,2,1,2,1,2,1,1,0,3,0,0,0,1,0,0,0,0,0,1,1,1,2,1,0,0,1,0,0,2,2,1,2,1,1,2,1,1
syn_aggregate_00019,20,2.0,0,2,1,2,1,2,1,0,0,0,0,0,0,0,1,0,0,0,0,2,2,2,1,1,3,2,1,0,0,4,4,4,4,4,3,3,4,3,3,0,0,0,1,0,0,0,0,0,0,2,1,2,1,0,2,2,1,1,0,1,2,2,1,2,1,1,2,1,1
syn_aggregate_00020,21,2.0,1,1,2,2,0,1,1,0,0,0,0,1,0,0,0,0,0,0,0,2,2,1,1,1,2,1,1,1,1,1,2,1,1,2,1,1,1,1,1,1,1,1,1,0,0,0,0,0,0,0,0,1,0,0,0,0,0,0,0,2,2,2,1,2,1,1,2,2,1
syn_aggregate_00021,18,2.0,1,2,1,2,1,1,2,0,0,1,2,2,1,1,1,1,2,1,0,2,2,1,2,2,0,1,2,2,1,2,3,2,1,2,2,2,1,2,1,0,0,0,0,0,0,0,0,0,1,0,0,0,0,0,0,0,0,0,1,1,1,2,1,1,1,1,1,2,1
syn_aggregate_00022,18,2.0,0,1,0,1,0,1,1,0,0,3,2,2,2,2,1,2,2,0,1,0,0,0,0,0,1,0,0,0,0,1,1,2,0,1,1,1,1,0,0,0,0,0,0,1,0,1,0,1,1,1,2,0,2,0,1,1,2,1,1,0,1,0,0,1,0,0,1,0,0
syn_aggregate_00023,39,2.0,2,2,1,1,0,0,1,1,0,0,1,1,0,1,0,0,0,1,0,1,1,1,0,1,1,0,1,0,1,1,2,1,2,1,1,2,2,1,1,3,2,2,2,1,2,1,2,0,2,2,3,2,3,3,2,3,2,2,2,1,2,2,1,2,0,0,1,1,1
syn_aggregate_00024,49,1.0,2,3,3,3,2,3,3,2,1,0,1,4,0,4,1,4,0,4,0,1,0,1,1,0,1,1,2,0,1,2,2,1,2,2,2,1,2,1,1,1,1,1,1,1,1,1,1,1,0,0,0,0,0,0,0,0,0,1,0,0,1,2,1,2,0,0,2,0,0
syn_aggregate_00025,31,2.0,1,2,1,1,1,0,1,0,0,2,3,2,2,2,3,2,3,1,2,1,2,2,3,2,1,1,2,1,1,1,0,1,1,0,0,1,1,0,0,2,3,2,1,2,2,1,1,1,0,0,0,0,0,0,0,1,0,0,0,0,0,0,0,0,0,0,0,0,0
syn_aggregate_00026,18,2.0,0,3,0,0,0,0,0,0,0,1,0,0,2,1,0,0,0,0,0,2,2,2,1,2,1,1,1,2,1,0,0,0,0,0,1,0,0,0,0,1,2,2,1,1,1,1,2,2,2,1,1,2,1,2,2,1,1,2,1,2,2,2,1,1,1,0,2,1,0
syn_aggregate_00027,36,2.0,0,3,2,3,2,2,2,1,0,0,1,1,0,0,0,0,0,0,0,0,0,0,1,1,1,0,1,0,0,1,2,1,2,2,2,2,2,1,1,0,0,0,0,0,0,0,0,0,0,2,1,1,0,1,3,2,1,1,0,1,3,2,2,3,1,1,2,2,1
syn_aggregate_00028,19,2.0,1,2,1,2,1,2,1,1,1,0,0,0,0,0,0,0,0,0,0,0,1,0,0,0,1,0,1,0,0,2,1,2,1,2,1,2,1,0,0,2,1,1,1,0,1,0,1,0,0,0,0,0,0,0,1,2,0,0,1,1,2,1,1,1,0,0,1,0,0
syn_aggregate_00029,38,2.0,1,2,1,2,1,2,1,0,0,2,2,2,1,1,1,1,2,1,1,0,1,0,2,1,2,3,4,2,0,2,4,4,4,3,3,2,4,2,2,4,4,4,4,4,1,1,1,1,1,2,2,2,3,1,3,2,2,1,2,1,2,1,1,3,1,2,2,2,1
syn_aggregate_00030,32,2.0,3,2,1,1,0,2,2,0,0,1,0,1,1,0,0,1,0,1,0,1,1,1,0,0,3,1,0,1,0,1,1,1,1,1,2,1,1,1,0,0,0,0,0,0,1,0,0,0,0,3,2,4,3,3,2,2,4,1,2,2,3,2,2,3,2,1,2,3,2
syn_aggregate_00031,21,1.0,1,2,1,0,0,0,0,0,0,0,0,0,0,0,0,1,0,0,0,1,1,0,1,1,3,1,2,3,1,0,0,0,0,0,1,1,1,1,1,0,0,0,0,0,0,0,0,0,0,0,1,1,0,1,0,1,1,1,0,0,1,0,0,1,0,0,1,0,0
syn_aggregate_00032,20,1.0,2,3,1,2,1,1,1,0,0,0,0,0,0,0,0,0,1,0,0,2,2,2,2,2,2,2,2,2,2,2,3,2,2,3,3,2,2,2,2,0,0,0,0,0,0,0,0,0,0,2,2,3,2,2,1,1,2,1,1,1,2,1,2,2,1,3,1,1,1
syn_aggregate_00033,20,2.0,1,2,2,1,2,1,1,0,0,0,0,1,0,1,0,0,1,0,0,1,2,1,1,1,1,1,2,1,1,1,1,0,1,1,0,1,0,1,0,3,3,2,2,3,3,2,2,3,2,0,0,0,0,0,1,1,1,1,1,2,3,2,3,3,4,2,3,2,1
syn_aggregate_00034,45,2.0,1,2,2,2,0,1,1,1,3,2,1,2,1,1,1,2,1,1,1,3,2,2,1,1,4,3,2,0,2,2,4,4,3,4,4,3,4,2,4,0,0,0,1,0,0,0,0,0,0,1,1,1,1,2,1,2,1,2,1,1,2,2,1,2,2,1,2,2,2
syn_aggregate_00035,19,2.0,2,3,2,2,1,2,1,1,0,1,1,2,1,1,2,1,0,1,2,4,4,3,3,3,2,2,2,1,1,2,3,1,1,1,3,2,1,0,1,0,0,1,0,0,0,0,0,0,0,3,2,4,1,2,2,2,1,1,1,1,1,2,1,2,1,1,1,1,1
syn_aggregate_00036,40,2.0,2,3,1,2,0,1,2,1,2,1,2,1,1,1,1,1,2,1,2,1,0,0,1,0,4,2,1,1,0,1,1,2,1,1,1,1,2,1,1,0,0,0,0,0,0,0,0,0,0,1,1,0,0,0,2,1,0,0,0,1,1,1,2,2,1,1,1,1,0
syn_aggregate_00037,19,2.0,1,3,2,2,1,2,1,0,0,2,2,1,1,1,2,2,1,1,1,4,4,4,4,3,4,4,4,4,3,1,2,1,0,2,0,0,1,2,0,0,0,0,0,0,0,0,0,1,1,0,1,2,0,1,2,1,1,0,2,1,2,1,1,2,1,1,2,1,0
syn_aggregate_00038,20,1.0,0,1,0,1,0,1,1,0,0,0,0,1,0,0,0,0,1,1,1,2,2,1,2,2,1,2,2,2,2,3,3,2,1,2,1,1,2,1,1,2,2,1,1,2,1,1,1,2,1,0,0,0,0,0,1,0,0,0,0,2,3,2,2,2,1,2,1,2,2
syn_aggregate_00039,43,2.0,0,1,0,0,0,0,0,0,0,0,0,0,0,0,0,0,0,0,0,0,0,0,0,0,0,0,0,0,0,1,0,1,0,0,1,0,0,0,0,0,0,0,0,0,0,0,0,0,0,0,0,0,0,0,0,0,0,0,0,0,0,0,0,0,0,0,0,0,0
syn_aggregate_00040,20,2.0,0,3,1,2,1,1,1,0,1,3,3,3,3,4,3,3,3,3,3,2,1,1,1,1,2,1,1,1,1,3,3,3,3,3,3,3,3,3,3,0,1,2,1,1,1,1,2,0,2,3,4,3,4,3,4,4,3,4,3,2,1,2,1,2,1,0,2,1,2
syn_aggregate_00041,22,2.0,0,0,1,0,0,0,0,0,0,0,0,0,0,0,0,0,0,0,0,0,1,0,0,0,1,0,0,0,0,1,2,1,2,2,1,2,1,2,1,0,0,0,0,0,0,0,0,0,1,3,2,3,1,2,4,2,3,2,1,2,3,2,1,2,2,1,2,2,1
syn_aggregate_00042,22,2.0,0,1,0,1,1,1,0,0,0,2,2,3,1,2,1,2,2,1,1,1,2,1,0,1,1,1,1,1,0,1,2,2,1,2,1,2,1,0,0,0,0,0,0,0,0,0,0,0,1,1,2,1,2,1,3,1,1,2,1,1,2,1,2,2,1,1,2,1,1
syn_aggregate_00043,18,2.0,0,1,0,1,0,1,1,0,0,2,1,1,1,1,1,0,1,1,0,1,1,0,0,1,1,0,1,0,0,0,1,0,1,1,0,1,0,1,0,1,1,0,1,0,0,0,0,0,0,0,0,0,0,0,0,0,0,0,3,0,0,0,0,0,0,0,1,0,0
syn_aggregate_00044,19,1.0,1,2,1,1,0,1,1,0,0,0,1,0,0,1,0,0,1,2,1,2,1,0,0,1,2,0,1,1,2,1,2,2,2,2,2,2,2,1,1,0,1,0,1,2,0,0,0,0,1,0,1,0,0,0,0,0,0,0,0,0,0,0,0,0,0,0,0,0,1
syn_aggregate_00045,22,2.0,0,0,0,0,0,0,0,0,0,0,0,0,0,0,0,0,0,0,0,0,0,0,0,0,1,0,0,0,0,2,3,2,1,1,2,1,2,2,1,0,0,0,0,0,0,0,0,0,0,1,1,0,0,1,1,1,1,1,0,0,1,1,0,1,0,0,1,1,0
syn_aggregate_00046,19,2.0,3,3,2,3,1,2,1,1,2,0,1,0,0,0,0,0,1,1,0,2,3,1,3,1,2,1,2,1,0,0,1,1,0,0,0,0,0,0,0,0,1,0,1,1,1,0,2,0,0,1,1,0,0,0,1,0,0,0,0,0,1,0,0,1,0,0,0,1,1
syn_aggregate_00047,35,2.0,1,1,2,1,0,0,1,0,0,0,0,0,0,0,0,0,0,1,0,0,0,0,0,0,0,0,0,0,0,3,2,2,1,2,4,4,3,2,1,0,0,0,1,1,0,0,1,1,1,0,0,0,0,0,0,0,0,0,0,1,2,2,1,2,1,1,2,2,1
syn_aggregate_00048,20,1.0,1,2,0,0,0,0,0,0,0,3,2,2,3,2,1,3,1,0,3,1,2,1,1,2,1,1,2,1,1,1,1,1,1,1,0,0,1,1,0,0,1,0,0,0,0,0,0,0,0,2,2,2,1,1,2,2,1,1,1,1,1,1,0,1,0,0,1,0,0
syn_aggregate_00049,21,2.0,0,0,1,0,0,0,0,0,0,0,0,0,0,0,0,0,0,0,0,0,0,0,0,0,0,0,0,0,0,0,0,0,0,0,0,0,0,0,0,0,0,0,0,0,0,0,0,0,0,0,0,0,0,0,0,0,0,0,0,0,0,0,0,0,0,0,0,0,0
syn_aggregate_00050,20,2.0,2,2,1,1,1,1,1,1,1,4,3,4,3,2,3,4,3,2,2,1,1,1,2,3,3,2,2,1,2,2,3,2,1,1,2,2,2,2,1,1,0,1,0,0,0,0,0,0,0,0,0,0,0,0,0,1,0,0,0,1,3,3,2,3,2,2,3,3,2
syn_aggregate_00051,32,2.0,0,1,0,0,0,0,0,0,0,0,0,0,0,0,0,0,1,0,0,2,1,2,2,1,2,1,1,2,0,1,2,2,1,1,2,1,1,1,1,1,1,1,2,1,0,0,0,0,0,0,0,0,1,0,2,1,1,1,1,0,0,0,0,1,0,0,1,0,0
syn_aggregate_00052,19,2.0,1,2,3,3,1,2,2,1,2,4,3,4,4,3,4,3,4,2,4,3,2,2,3,2,2,2,2,3,2,1,2,1,2,2,2,1,2,1,1,4,4,4,4,4,3,3,3,3,2,1,2,1,2,1,2,2,1,1,1,2,2,2,2,2,2,2,2,2,2
syn_aggregate_00053,28,2.0,2,2,1,2,1,1,1,0,0,3,3,3,2,2,4,3,3,2,2,1,0,0,0,0,0,0,0,0,0,1,1,0,0,0,1,1,1,1,0,1,1,1,1,0,1,0,0,1,0,2,1,1,2,2,1,1,0,0,0,1,0,1,0,1,1,1,0,0,0
syn_aggregate_00054,,2.0,1,2,1,1,0,1,1,0,0,0,0,0,0,0,0,0,0,0,0,2,2,1,2,2,2,1,2,1,2,3,2,1,4,1,0,0,2,0,0,2,1,1,2,1,1,0,1,1,1,2,2,3,2,2,1,1,1,1,1,1,2,1,1,2,0,0,1,1,0
syn_aggregate_00055,19,1.0,1,1,0,1,0,1,0,0,0,0,0,0,0,0,0,0,0,0,0,1,1,1,1,1,2,1,1,1,1,0,1,0,0,0,1,0,0,1,0,0,0,0,1,0,0,0,0,0,0,0,0,0,0,0,0,0,0,0,0,0,1,1,0,1,0,0,1,1,1
syn_aggregate_00056,43,2.0,1,2,1,1,0,0,1,0,0,0,0,0,0,0,0,0,0,0,0,0,0,0,0,0,0,0,0,0,0,1,0,0,0,0,0,0,1,1,0,1,0,0,0,0,0,0,0,1,0,0,1,0,0,0,0,0,0,0,1,0,1,0,0,1,0,0,0,0,0
syn_aggregate_00057,22,2.0,0,1,0,0,0,0,0,0,0,1,0,1,0,1,0,0,1,0,0,2,3,1,2,2,3,1,1,1,1,1,2,1,1,2,0,0,2,1,0,0,0,0,0,0,0,0,0,1,0,0,1,1,0,0,1,0,1,0,0,2,1,1,1,2,1,1,1,0,2
syn_aggregate_00058,21,2.0,0,1,1,2,0,1,1,0,0,0,0,0,0,0,0,0,1,0,0,3,2,3,2,2,3,2,2,1,2,2,2,1,2,2,1,2,2,1,1,1,2,2,1,0,1,1,1,0,0,0,1,0,0,0,0,0,1,0,0,2,3,1,1,1,0,0,2,3,1
syn_aggregate_00059,21,2.0,1,2,1,2,1,1,1,1,0,0,1,1,1,1,0,0,1,0,0,2,3,2,1,1,2,2,2,0,2,3,4,2,2,3,1,2,3,1,0,3,2,2,2,2,1,1,2,1,2,2,2,2,1,2,1,1,2,1,1,1,2,2,2,2,2,2,1,1,0
syn_aggregate_00060,29,1.0,0,2,2,2,0,0,2,0,0,1,2,2,1,1,2,1,2,1,0,1,2,1,2,2,1,2,1,2,1,1,2,3,2,2,1,2,2,2,1,2,2,1,2,1,1,1,1,1,2,0,0,0,0,0,0,0,0,0,0,1,1,1,1,2,0,0,0,1,1
syn_aggregate_00061,20,2.0,1,2,1,2,0,2,1,0,0,0,2,1,2,2,1,1,2,0,1,1,1,0,1,1,1,0,1,0,0,0,1,0,1,1,2,0,1,1,0,2,1,1,3,1,2,1,1,1,1,1,2,1,1,2,1,2,1,2,1,4,1,1,2,1,1,1,2,1,1
syn_aggregate_00062,18,2.0,1,1,1,1,1,0,1,0,0,1,0,0,0,0,0,0,0,0,0,3,4,2,3,2,4,3,3,2,1,1,2,1,2,2,0,1,1,2,2,1,1,1,2,1,2,2,1,1,0,2,3,3,0,0,2,2,1,2,1,1,1,2,2,1,0,0,0,0,0
syn_aggregate_00063,20,2.0,2,2,0,2,0,1,2,0,0,0,0,0,0,0,0,0,0,0,0,2,3,2,1,1,2,1,2,1,1,1,2,1,0,1,0,0,1,0,0,0,0,0,0,0,1,0,0,0,0,0,0,0,0,0,0,0,0,0,0,0,0,0,1,0,0,0,0,0,3
syn_aggregate_00064,22,2.0,1,2,2,0,0,0,2,0,1,0,1,0,0,0,0,0,0,0,0,3,2,3,2,2,2,3,2,1,1,1,2,2,1,2,0,1,2,1,0,0,0,0,0,0,0,0,0,0,2,0,0,1,0,0,0,0,1,1,0,0,1,0,0,0,1,0,1,0,1
syn_aggregate_00065,21,2.0,0,1,1,0,1,0,1,1,0,1,2,0,1,2,1,0,2,1,0,1,1,1,0,0,2,1,1,1,0,1,1,1,1,1,0,1,1,2,0,1,0,1,0,0,0,0,0,0,1,0,0,0,0,1,0,0,0,0,0,0,0,0,0,0,0,0,0,0,2
syn_aggregate_00066,20,2.0,2,3,2,2,1,2,2,1,0,0,0,1,0,0,0,1,2,0,0,4,3,2,3,1,3,2,1,2,0,2,2,1,1,2,0,0,1,2,2,1,1,1,2,1,1,0,1,1,0,1,2,1,1,1,1,2,1,2,1,1,2,1,1,2,1,0,1,2,1
syn_aggregate_00067,19,1.0,2,1,1,2,1,1,1,1,0,0,0,0,0,0,1,0,0,1,1,1,1,1,0,1,2,0,1,1,0,2,1,2,4,3,3,2,3,1,2,1,1,1,1,1,1,0,1,1,1,0,0,0,0,0,1,0,0,0,0,2,1,2,1,2,1,1,2,1,1
syn_aggregate_00068,41,2.0,2,2,1,1,0,0,0,0,0,0,0,0,0,0,0,0,0,0,1,0,0,0,0,0,0,0,0,0,0,0,0,0,0,0,0,0,0,0,0,0,0,0,0,0,0,0,0,0,0,0,1,0,1,0,0,1,0,0,0,1,0,0,0,0,0,0,1,0,0
syn_aggregate_00069,35,2.0,2,3,2,2,1,2,2,1,0,2,2,2,2,2,1,2,2,1,2,2,1,2,1,1,0,0,1,1,1,2,2,2,1,1,2,1,2,1,1,2,1,1,1,1,1,0,0,0,0,0,0,0,0,0,0,0,0,1,0,1,2,1,1,2,1,1,2,1,1
syn_aggregate_00070,51,2.0,1,1,1,1,0,0,0,0,0,1,1,1,0,0,0,0,0,0,0,1,0,1,0,0,1,0,0,0,0,0,0,0,0,0,0,0,0,0,0,0,0,0,0,0,1,0,1,0,0,0,0,0,0,0,0,0,0,0,0,0,0,0,0,0,0,0,0,0,0
syn_aggregate_00071,29,2.0,1,1,0,0,0,0,0,0,0,0,0,0,0,0,0,0,0,0,0,1,2,1,1,0,2,1,1,2,0,0,0,0,0,0,0,0,0,0,0,0,0,0,0,0,1,0,0,0,0,1,0,1,0,0,1,1,0,0,0,0,0,0,0,0,0,0,0,0,0
syn_aggregate_00072,19,2.0,0,1,1,1,0,1,0,0,0,0,1,1,1,0,2,0,1,0,1,3,1,1,2,1,2,1,2,1,1,0,0,0,0,0,0,0,0,0,0,0,0,0,1,1,1,1,1,0,0,1,2,2,1,2,2,1,1,0,1,2,1,2,0,2,2,1,2,0,0
syn_aggregate_00073,20,2.0,0,1,0,0,0,0,0,0,0,0,0,0,0,0,0,0,1,0,0,0,0,0,0,0,0,0,0,0,0,0,1,0,0,0,0,1,0,3,0,0,0,0,0,0,0,0,0,0,0,1,1,0,1,1,1,1,1,0,0,1,3,2,1,3,1,0,2,2,1
syn_aggregate_00074,22,2.0,2,1,1,2,0,1,2,0,0,3,2,2,2,1,2,2,1,4,2,2,1,2,1,2,1,2,1,2,1,1,1,2,1,1,1,1,2,1,1,0,1,0,0,0,0,0,1,1,0,1,1,0,0,0,1,1,1,1,0,1,2,1,1,2,1,0,2,1,0
syn_aggregate_00075,43,2.0,1,2,2,1,1,2,1,1,0,1,0,0,1,1,1,2,1,1,2,2,2,3,1,2,3,1,2,1,1,1,2,1,1,1,1,1,1,1,0,1,2,2,1,0,0,0,0,0,0,2,2,1,2,1,2,2,1,2,4,1,2,2,1,2,0,0,1,1,0
syn_aggregate_00076,20,2.0,2,2,1,1,0,0,0,0,0,1,1,1,2,1,1,1,1,1,0,2,1,2,1,1,2,1,2,1,1,1,2,1,2,1,2,2,3,1,0,0,0,0,1,0,0,0,0,0,2,0,0,0,0,0,1,0,1,0,1,0,1,1,0,1,0,0,1,0,0
syn_aggregate_00077,18,2.0,0,2,1,1,1,1,1,0,0,0,0,0,0,0,0,0,0,0,0,3,2,2,2,2,3,2,2,1,1,1,3,2,2,2,1,3,3,1,1,2,1,1,3,0,2,2,2,0,1,1,2,1,1,2,1,2,1,1,2,1,1,0,1,1,0,0,1,1,0
syn_aggregate_00078,22,2.0,1,2,1,2,0,2,2,1,3,2,3,1,3,2,3,2,1,3,1,0,0,0,0,0,0,0,1,1,0,2,3,2,1,2,3,2,2,3,1,2,2,2,2,1,2,1,2,1,2,3,3,2,3,2,3,2,2,2,2,1,1,2,1,1,1,1,1,1,0
syn_aggregate_00079,20,1.0,1,2,1,1,0,1,2,0,1,1,2,1,0,1,1,0,1,1,0,1,0,1,1,1,1,0,0,1,0,0,0,0,0,0,0,0,0,0,1,1,1,0,2,0,1,0,1,1,0,1,2,1,2,1,2,2,2,0,2,1,2,1,1,2,1,1,1,0,0
syn_aggregate_00080,31,2.0,0,1,0,1,0,1,0,0,0,1,0,2,0,0,0,0,0,2,0,3,2,2,2,3,2,2,2,1,1,0,0,0,0,0,0,0,0,1,0,0,0,0,1,0,0,0,0,0,0,0,0,1,0,0,3,3,3,0,0,0,0,0,0,0,0,0,0,0,0
syn_aggregate_00081,18,2.0,1,1,1,1,1,0,0,0,0,3,1,3,2,4,2,2,3,1,2,2,1,2,1,1,2,1,1,1,0,1,0,0,0,0,0,0,0,0,0,0,0,0,0,0,0,0,0,0,0,1,2,1,0,1,2,0,1,0,1,1,2,0,1,1,0,0,1,0,1
syn_aggregate_00082,18,2.0,2,3,2,1,1,2,2,0,1,0,1,2,1,1,1,1,1,1,1,4,4,4,3,3,4,3,4,2,2,1,1,2,1,2,1,2,1,1,0,2,2,2,2,2,2,1,1,1,1,2,2,2,1,2,2,1,2,1,2,4,4,3,3,4,0,0,2,1,0
syn_aggregate_00083,22,2.0,2,3,2,2,1,2,1,1,1,0,0,1,1,0,1,0,0,0,0,0,0,0,0,0,0,0,0,0,0,0,2,3,1,2,3,2,3,0,1,3,1,2,3,2,2,1,2,1,2,0,0,0,0,0,0,0,0,1,0,0,2,1,1,2,1,0,2,1,1
syn_aggregate_00084,20,1.0,2,3,1,3,0,2,3,1,0,1,2,2,1,2,2,1,2,1,1,1,2,3,2,1,2,1,2,3,1,2,3,2,2,2,1,2,3,2,1,1,1,2,1,1,1,1,1,1,1,2,1,1,1,1,1,2,1,1,1,1,1,1,1,2,1,0,1,1,0
syn_aggregate_00085,19,2.0,2,2,1,1,0,0,1,0,0,1,2,1,1,1,1,0,2,1,1,0,0,0,0,0,0,0,1,0,0,2,3,2,2,3,2,3,3,2,2,0,1,0,1,0,1,1,1,1,1,4,4,4,3,4,3,4,3,3,4,0,0,0,0,0,0,0,0,0,0
syn_aggregate_00086,18,2.0,0,0,0,0,0,0,0,0,0,1,2,2,1,2,1,1,2,1,1,0,0,0,0,0,1,0,0,0,0,1,2,2,1,2,1,1,2,2,1,0,0,0,1,1,1,0,1,0,0,0,1,0,1,0,1,1,1,0,1,1,2,1,1,2,1,1,2,1,0
syn_aggregate_00087,22,2.0,0,0,0,0,0,0,0,0,0,0,0,1,0,1,0,0,0,0,0,1,2,1,2,1,2,1,2,1,1,0,0,0,0,0,0,0,0,0,1,1,2,2,3,2,1,2,2,1,1,4,3,4,1,1,1,0,0,0,1,1,1,1,1,0,0,0,1,1,1
syn_aggregate_00088,19,2.0,0,0,0,0,0,0,0,0,1,0,0,0,0,0,0,0,0,0,0,3,2,2,2,1,1,0,1,1,1,0,0,0,0,0,0,1,0,0,0,1,0,1,1,0,1,0,0,0,0,0,0,0,0,0,0,0,0,1,0,0,0,0,0,0,0,0,1,0,0
syn_aggregate_00089,38,1.0,0,2,1,1,0,1,0,0,0,0,1,0,0,1,0,0,1,1,0,2,2,1,1,1,2,1,2,1,0,1,1,1,1,1,1,1,0,0,0,0,0,0,0,0,0,0,0,0,1,0,0,0,0,0,0,0,0,0,0,1,1,1,1,1,1,1,1,1,1
syn_aggregate_00090,22,1.0,1,1,0,0,0,0,0,0,0,0,0,0,0,0,0,0,0,0,0,1,2,2,1,2,1,2,2,1,2,0,0,0,0,0,0,0,1,0,0,1,0,0,1,0,0,0,0,0,0,0,0,1,0,1,0,0,0,0,0,0,2,1,1,1,0,0,1,1,1
syn_aggregate_00091,21,2.0,1,1,0,0,0,0,0,0,0,0,0,0,0,0,0,0,0,0,0,0,0,0,0,0,0,1,0,0,0,0,0,0,0,0,1,0,0,0,0,0,0,0,0,0,0,0,0,1,0,0,0,0,0,0,0,0,0,0,0,0,1,0,0,0,0,0,0,0,0
syn_aggregate_00092,18,2.0,0,0,1,1,0,0,1,0,1,0,0,0,0,0,0,0,0,0,0,2,2,1,2,2,2,1,3,2,2,1,2,2,1,2,1,2,2,1,0,0,0,0,0,0,0,0,0,0,0,0,0,1,1,1,0,0,0,0,1,0,1,0,0,1,0,0,1,0,0
syn_aggregate_00093,20,1.0,1,1,0,0,0,0,0,0,0,0,0,0,0,0,0,0,0,0,0,0,0,0,0,0,0,0,0,0,0,1,2,2,2,2,1,2,3,1,1,0,0,0,1,0,0,0,0,0,0,3,4,0,2,1,0,0,0,0,1,1,2,2,1,2,1,1,2,2,1
syn_aggregate_00094,21,2.0,1,2,1,2,1,1,1,0,0,0,0,0,0,0,0,0,0,0,0,0,0,0,0,0,0,0,0,0,0,0,0,0,0,0,0,0,0,0,0,0,0,0,0,0,0,0,0,0,0,0,0,0,0,0,0,0,0,0,0,0,0,0,0,0,0,0,0,0,0
syn_aggregate_00095,20,2.0,0,1,0,0,0,0,0,0,0,2,1,1,1,0,1,0,1,0,0,3,3,3,2,2,2,2,3,2,2,1,2,1,0,1,0,0,0,1,0,0,0,1,1,0,0,0,1,0,0,2,2,2,1,1,2,1,2,1,1,0,0,0,0,0,0,0,0,0,0
syn_aggregate_00096,21,1.0,0,0,0,0,0,0,0,0,0,0,0,1,0,0,0,0,0,0,0,2,2,2,1,1,1,1,0,0,0,1,1,0,1,0,0,0,1,1,0,3,2,3,1,2,1,1,2,4,3,0,1,0,0,1,1,0,0,0,1,0,0,0,0,0,0,0,0,0,0
syn_aggregate_00097,22,2.0,1,2,1,1,1,0,0,0,0,0,1,0,0,0,1,0,1,0,1,0,1,0,0,0,1,0,1,0,0,2,1,2,0,1,2,1,1,1,1,1,0,0,0,0,1,0,0,1,0,0,0,0,0,0,0,0,0,1,0,1,2,1,1,2,1,1,2,1,1
syn_aggregate_00098,21,2.0,0,0,0,0,0,0,0,0,0,0,0,0,0,0,0,0,0,0,0,1,1,0,0,1,2,1,1,1,0,0,0,1,0,0,0,1,0,0,0,0,0,0,0,0,0,0,0,1,0,0,0,0,0,0,0,0,0,0,0,0,0,0,0,1,0,0,0,0,0
syn_aggregate_00099,18,2.0,0,2,0,3,0,1,1,0,0,1,3,2,2,0,2,4,3,1,0,0,0,1,0,0,0,0,1,0,0,0,1,0,0,0,1,0,0,1,0,0,0,0,1,1,1,0,1,1,1,4,4,4,4,4,3,3,2,1,1,1,2,2,2,2,1,0,1,1,0
syn_aggregate_00100,45,1.0,1,1,1,1,1,1,1,1,0,0,0,0,0,0,0,1,1,0,0,1,3,2,2,2,1,1,1,1,1,1,2,1,1,1,1,1,2,1,0,3,3,3,3,2,2,2,2,2,2,0,1,0,1,0,2,1,0,0,0,0,1,0,0,0,0,0,1,0,0
syn_aggregate_00101,19,1.0,2,2,2,1,1,2,2,0,1,1,2,2,1,2,1,1,1,0,0,0,0,0,1,1,1,0,0,0,0,0,0,0,0,0,1,0,1,1,0,3,2,2,2,1,2,1,1,2,1,4,3,4,4,3,4,3,4,2,3,1,2,2,2,3,1,1,2,2,1
syn_aggregate_00102,39,2.0,2,2,1,2,1,1,1,0,0,0,0,0,0,0,0,0,0,0,0,1,1,1,0,0,1,0,1,0,0,0,0,0,0,0,0,0,1,0,0,0,1,0,1,0,1,0,1,0,1,0,0,1,0,0,1,0,0,0,0,1,2,2,2,1,1,1,1,0,0
syn_aggregate_00103,21,1.0,2,3,2,2,0,2,2,0,0,0,0,0,0,0,0,0,0,0,1,0,0,0,0,0,0,0,0,1,0,2,2,2,1,1,1,1,2,0,0,0,0,0,0,0,0,0,0,0,0,0,0,0,0,0,0,0,0,0,0,0,0,0,0,0,0,0,0,0,0
syn_aggregate_00104,22,2.0,1,2,1,1,0,0,0,0,0,1,0,0,0,0,0,0,1,0,0,1,1,1,1,1,0,0,0,0,0,0,0,0,0,0,0,0,0,0,1,0,0,0,0,0,0,0,1,0,0,1,1,0,1,0,0,0,1,0,0,0,0,0,0,1,0,0,1,0,0
syn_aggregate_00105,36,2.0,2,2,2,1,1,1,1,1,0,1,2,1,1,1,1,1,2,1,1,1,0,0,0,0,1,0,1,0,0,2,1,3,1,2,3,1,3,2,1,0,1,1,2,1,1,0,0,0,1,0,0,0,0,0,0,0,1,0,0,1,2,1,2,2,1,1,1,1,1
syn_aggregate_00106,20,2.0,1,2,2,1,0,1,1,0,1,0,0,0,0,1,0,0,0,0,0,2,1,1,2,1,1,1,1,0,0,1,1,2,1,2,2,1,2,1,1,0,0,0,0,0,0,0,0,1,0,1,2,1,2,1,2,1,1,2,1,1,2,1,1,2,1,1,2,1,0
syn_aggregate_00107,20,1.0,1,2,2,1,1,0,1,0,0,2,3,1,2,3,1,2,2,1,1,2,2,1,1,1,2,0,1,1,0,1,1,1,0,0,2,2,1,2,1,0,0,1,1,0,1,1,1,0,0,2,3,2,1,2,3,3,1,1,1,1,1,1,0,1,1,1,1,1,0
syn_aggregate_00108,18,1.0,2,2,1,1,0,2,1,1,0,0,0,0,1,1,0,0,1,0,0,2,2,2,1,1,2,2,1,1,2,2,2,2,2,1,1,1,3,1,0,0,0,0,1,1,0,0,0,0,3,0,0,0,0,0,1,1,0,0,0,0,2,2,1,2,1,1,2,1,0
syn_aggregate_00109,19,2.0,1,1,1,0,0,0,1,0,2,0,1,0,0,1,0,0,1,0,0,4,3,2,2,1,3,2,2,1,1,2,2,2,1,1,2,1,1,1,1,2,1,2,2,1,1,1,1,1,0,0,1,0,0,1,0,0,1,1,0,0,0,0,0,0,0,0,1,0,0
syn_aggregate_00110,27,2.0,1,3,2,3,1,2,3,0,0,0,0,0,0,0,0,0,1,0,0,0,1,1,1,1,1,0,0,0,0,3,3,3,2,2,1,3,3,2,1,0,1,0,1,0,1,0,2,0,0,0,0,1,0,0,1,0,1,0,1,1,1,1,1,1,1,1,1,1,0
syn_aggregate_00111,19,2.0,1,3,2,3,1,2,2,1,1,1,1,1,0,0,1,0,1,1,0,4,2,4,3,4,3,3,4,3,4,1,2,2,1,2,1,2,2,1,0,0,0,0,0,0,0,0,0,0,1,0,0,0,0,0,1,0,0,0,0,1,2,2,1,2,1,1,2,1,1
syn_aggregate_00112,21,2.0,1,2,0,1,0,0,0,0,0,1,1,1,0,0,1,0,1,1,1,1,0,1,0,1,1,0,1,0,0,1,2,1,0,1,2,1,2,1,0,1,2,1,2,1,0,0,1,1,0,0,0,0,0,0,0,0,0,0,1,0,0,0,0,0,0,0,0,0,0
syn_aggregate_00113,45,2.0,1,1,0,0,0,0,0,0,0,0,0,0,0,1,1,0,0,0,0,2,1,1,1,1,0,0,1,1,0,1,3,2,2,1,2,2,1,0,1,0,0,0,1,1,1,0,0,1,0,1,1,1,1,1,0,0,0,0,0,0,1,0,0,0,0,0,0,0,0
syn_aggregate_00114,,1.0,0,0,0,0,0,0,0,0,0,1,0,1,0,0,0,0,1,0,0,0,0,0,1,0,1,0,0,0,0,0,1,0,0,0,0,0,0,0,0,0,1,0,1,0,0,0,0,0,0,0,0,1,0,0,1,0,0,1,0,0,0,0,0,0,0,0,0,0,0
syn_aggregate_00115,18,1.0,1,2,1,1,1,0,1,1,0,0,0,0,0,0,1,0,0,0,0,2,3,2,2,1,3,1,3,1,2,1,1,1,2,0,0,0,1,0,0,0,0,0,1,0,0,0,0,0,0,0,1,1,1,2,2,2,2,2,2,0,1,0,0,0,0,0,0,0,0
syn_aggregate_00116,20,2.0,1,2,1,0,0,1,0,0,0,0,0,0,0,0,0,0,0,0,0,0,0,0,0,0,0,0,0,0,0,0,0,0,0,0,0,0,0,0,0,0,0,0,0,0,0,0,0,0,0,0,0,0,0,0,0,0,0,0,0,2,2,3,2,3,1,1,2,2,1
syn_aggregate_00117,35,1.0,1,2,1,2,1,1,1,0,0,0,0,0,0,1,0,0,1,0,0,2,1,2,1,2,1,0,2,1,2,0,1,1,2,2,1,0,1,1,0,2,2,1,3,2,2,1,2,1,1,4,1,2,2,2,3,3,1,0,1,1,2,2,1,2,1,1,2,1,1
syn_aggregate_00118,19,2.0,1,0,1,1,1,0,1,0,0,0,0,0,0,0,0,0,0,0,1,2,3,1,2,2,2,1,2,1,2,2,3,2,1,2,1,2,3,1,2,1,0,1,1,1,0,0,0,1,2,2,2,2,1,2,1,2,0,1,3,2,1,1,2,2,1,0,1,1,0
syn_aggregate_00119,18,2.0,1,1,1,1,1,0,1,0,0,0,0,0,0,0,0,0,0,0,0,0,0,0,1,0,0,0,1,1,0,2,2,3,2,2,2,2,3,2,2,0,0,0,1,0,0,0,0,0,0,3,3,2,4,3,2,3,2,2,3,1,1,1,1,2,1,1,1,2,0
syn_aggregate_00120,19,2.0,2,3,2,2,1,1,1,1,0,1,1,1,0,0,0,0,0,0,0,1,0,0,1,1,1,0,1,1,0,1,1,1,2,2,2,0,1,0,1,3,2,2,1,1,1,1,1,1,1,0,1,0,1,0,0,1,0,0,1,0,0,0,0,0,0,0,1,0,0
syn_aggregate_00121,19,1.0,1,2,2,1,0,1,2,0,0,0,0,0,0,0,0,0,0,0,0,0,0,0,0,0,0,0,0,0,0,0,0,0,0,0,0,0,0,0,0,0,0,0,0,0,0,0,0,0,0,0,0,0,0,0,1,0,0,0,0,0,0,0,0,0,1,1,1,1,0
syn_aggregate_00122,21,2.0,0,2,0,1,0,2,1,1,1,0,0,0,0,0,0,0,0,0,0,1,1,1,1,1,1,1,0,1,0,1,0,1,0,1,1,0,1,0,0,1,0,0,0,0,0,0,0,0,0,0,0,0,0,0,0,0,0,0,0,0,3,3,2,4,0,1,2,3,2
syn_aggregate_00123,20,2.0,0,2,1,2,0,1,1,0,0,0,0,0,0,0,0,0,0,0,0,1,2,2,1,2,2,1,2,1,2,0,0,0,0,0,0,1,1,1,0,0,4,2,0,0,0,0,3,2,0,0,0,0,0,0,0,0,0,0,0,2,2,1,1,2,0,0,1,1,1
syn_aggregate_00124,51,2.0,2,2,1,2,0,1,1,1,0,0,0,0,1,0,0,0,0,0,0,4,4,4,3,4,3,3,3,3,3,1,1,3,2,3,2,3,3,1,2,4,4,4,4,4,4,4,4,4,4,3,3,4,3,2,4,3,3,4,2,2,2,2,2,3,2,2,2,2,1
syn_aggregate_00125,21,2.0,0,0,0,0,0,0,0,0,0,0,0,0,0,0,0,0,1,0,0,0,0,0,0,0,0,0,0,0,0,0,0,0,0,0,0,0,0,0,0,0,0,0,0,0,0,0,0,0,0,0,0,0,0,0,0,0,0,0,0,0,0,0,0,0,0,0,0,0,0
syn_aggregate_00126,18,1.0,1,2,0,2,0,1,1,0,0,0,0,0,0,0,0,0,0,0,0,0,0,0,0,0,1,0,0,0,0,0,0,0,0,0,0,0,0,0,0,0,0,0,0,0,0,0,0,0,0,1,1,1,0,0,0,0,0,0,0,0,0,0,0,0,0,0,1,0,0
syn_aggregate_00127,19,2.0,3,3,2,3,1,2,2,1,2,0,0,0,0,0,0,0,1,1,0,2,3,2,1,2,4,1,3,2,1,4,4,3,4,4,3,3,4,2,3,2,3,3,2,2,1,2,2,1,2,1,2,1,2,2,1,1,2,1,2,3,3,2,2,3,2,1,2,2,1
syn_aggregate_00128,19,2.0,0,2,1,1,0,0,1,0,0,0,0,1,0,0,0,0,0,0,0,1,2,1,1,2,2,1,1,1,0,1,2,0,1,1,1,2,1,0,0,0,0,0,0,0,0,0,2,0,0,1,0,0,0,0,1,0,0,0,0,0,1,1,0,0,0,0,1,1,0
syn_aggregate_00129,20,1.0,2,3,2,3,1,2,2,1,2,2,2,3,1,2,2,1,3,2,1,1,1,1,1,1,1,1,0,0,0,1,2,1,1,1,1,1,2,1,0,0,0,0,0,0,0,0,0,0,1,1,2,1,1,1,3,2,2,1,2,1,2,1,1,2,0,1,2,1,1
syn_aggregate_00130,25,2.0,2,0,3,1,0,2,1,0,0,1,1,1,0,1,1,1,1,1,1,3,2,2,1,2,3,2,2,1,1,4,3,3,3,3,3,4,3,3,2,2,0,1,1,0,0,0,0,0,1,1,1,1,2,2,2,2,1,1,1,1,1,1,1,2,1,1,1,1,0
syn_aggregate_00131,18,1.0,2,3,1,1,1,0,1,0,2,0,2,1,1,1,1,0,2,1,1,2,1,1,1,1,0,0,2,1,1,0,1,0,0,0,1,0,0,0,0,0,1,0,1,0,0,0,0,0,0,0,0,0,0,0,1,1,0,1,0,1,1,1,1,1,0,0,1,1,0
syn_aggregate_00132,22,1.0,2,2,1,2,1,2,1,1,2,0,1,0,0,1,1,0,1,0,0,1,2,1,2,1,1,0,2,1,0,1,1,2,1,2,1,1,2,2,1,3,0,2,3,3,2,2,2,2,2,1,2,1,2,1,2,1,1,1,2,1,1,2,2,2,1,1,2,1,1
syn_aggregate_00133,19,1.0,1,2,1,1,1,1,1,0,0,0,0,1,0,2,1,1,2,0,1,1,2,2,1,2,0,0,1,1,0,1,2,2,1,2,1,1,1,2,0,0,0,0,0,0,0,0,0,1,0,3,2,3,2,3,3,3,1,1,1,1,2,1,1,2,1,1,2,1,1
syn_aggregate_00134,22,1.0,1,0,0,0,0,0,0,0,0,2,2,2,1,2,1,1,2,1,1,3,2,3,2,2,4,2,2,1,0,0,0,0,0,0,1,1,0,0,0,0,1,1,1,0,1,1,1,1,0,0,0,0,0,0,0,1,0,0,0,1,1,0,1,1,0,0,1,0,0
syn_aggregate_00135,28,1.0,2,3,2,2,1,2,2,1,0,2,1,1,2,2,1,2,1,2,3,1,2,1,1,2,1,0,2,1,1,2,3,2,2,2,1,2,2,2,1,0,0,0,0,0,0,0,0,0,1,0,1,0,0,1,1,1,0,0,0,1,2,2,1,2,1,1,1,1,1
syn_aggregate_00136,51,2.0,1,2,2,2,1,2,2,2,0,0,0,0,1,0,0,1,0,4,1,1,1,2,1,1,1,2,1,1,0,1,2,2,1,2,1,2,3,1,1,2,2,2,3,2,1,1,1,1,1,0,0,0,0,0,0,0,0,0,0,1,2,1,1,2,1,1,1,1,1
syn_aggregate_00137,19,1.0,2,3,2,2,0,2,2,0,1,0,1,1,0,1,1,0,1,2,0,3,2,2,1,2,1,1,2,3,2,1,2,2,1,2,1,1,2,1,0,2,1,1,1,1,1,0,0,0,1,0,1,0,2,1,1,1,1,0,1,1,2,2,1,3,1,1,2,2,1
syn_aggregate_00138,20,1.0,1,2,1,2,0,1,1,0,1,0,0,0,0,0,0,0,0,0,1,0,0,0,0,0,0,0,0,0,0,1,2,2,1,1,1,1,1,1,1,1,0,0,1,0,0,0,0,0,0,1,0,0,0,0,1,1,0,1,0,0,1,1,0,2,0,0,2,1,1
syn_aggregate_00139,32,1.0,2,2,1,2,1,2,2,1,1,0,0,0,0,0,0,1,0,0,0,2,2,1,2,2,3,2,2,1,0,0,1,1,1,1,0,0,1,1,0,0,0,0,0,0,0,0,0,0,1,0,0,0,0,0,0,0,0,0,1,0,3,2,3,3,0,0,2,3,2
syn_aggregate_00140,19,2.0,2,1,2,2,1,2,2,1,1,0,0,0,0,0,0,0,0,0,0,2,2,1,1,2,2,1,2,1,1,1,2,2,1,1,1,1,4,0,0,0,0,0,0,0,0,0,0,0,0,0,0,0,0,0,0,1,0,0,0,1,2,2,2,2,1,0,2,2,1
syn_aggregate_00141,20,2.0,0,0,0,0,1,0,0,0,0,0,0,0,0,0,0,0,0,0,0,1,0,0,0,0,0,0,0,0,0,1,1,1,0,0,0,0,0,0,0,0,0,0,0,0,0,0,0,0,0,0,0,0,0,0,0,0,1,0,0,1,1,0,0,1,0,0,0,0,0
syn_aggregate_00142,20,2.0,0,1,0,1,0,0,0,0,0,0,0,1,0,0,0,0,1,0,0,3,4,2,3,4,2,2,1,2,0,2,3,3,2,2,1,2,3,2,1,0,0,0,0,0,0,0,0,0,1,2,1,2,1,1,0,1,0,1,0,1,2,2,1,1,2,1,2,1,0
syn_aggregate_00143,22,1.0,1,2,1,2,0,0,1,0,0,3,2,3,3,2,2,2,3,2,3,0,0,0,0,0,0,0,1,0,0,0,0,0,1,1,1,0,1,1,0,0,0,0,1,0,0,0,1,0,0,0,1,0,0,0,1,0,0,1,0,1,2,1,0,2,1,1,1,1,0
syn_aggregate_00144,36,2.0,2,3,3,2,1,3,2,1,2,3,4,2,2,2,0,0,1,4,4,2,2,1,1,2,2,1,1,1,2,2,3,3,1,2,0,1,2,0,0,0,0,0,0,1,0,0,0,0,0,1,1,1,1,1,0,1,1,1,2,0,0,0,0,1,0,0,0,0,0
syn_aggregate_00145,18,2.0,2,2,1,2,1,2,2,0,1,0,1,0,0,0,0,0,0,0,0,3,4,2,2,2,4,3,2,2,2,0,1,1,1,1,1,1,0,1,0,0,0,0,1,0,0,0,0,1,0,2,2,1,1,1,2,0,1,1,0,0,1,1,0,1,0,0,1,1,0
syn_aggregate_00146,19,1.0,0,1,2,1,0,1,2,0,0,2,2,2,1,1,2,2,2,1,1,2,2,1,2,1,2,1,2,1,1,1,1,1,0,1,1,1,1,0,0,0,1,0,1,0,0,0,0,0,0,0,0,0,0,0,1,1,0,0,0,1,1,1,1,2,1,1,1,1,0
syn_aggregate_00147,20,1.0,1,2,1,2,1,2,1,0,0,1,2,1,1,2,1,1,2,0,1,1,2,1,1,2,2,1,1,2,1,3,3,4,2,3,2,3,4,2,2,0,0,0,0,0,1,1,0,2,0,2,1,2,2,2,1,1,2,1,1,1,2,1,2,1,2,1,2,1,1
syn_aggregate_00148,33,2.0,1,1,0,0,0,0,0,0,0,0,0,0,0,0,0,0,1,1,0,0,0,0,0,0,0,0,1,0,0,1,2,2,0,1,2,1,2,1,0,0,0,0,0,0,0,0,0,0,0,1,1,1,0,0,2,2,0,0,0,0,3,1,1,3,0,0,2,0,1
syn_aggregate_00149,19,2.0,2,2,1,2,0,1,1,0,0,3,1,4,0,2,1,3,2,2,1,0,1,0,0,1,0,0,0,0,0,0,0,0,0,0,1,0,0,1,0,0,0,0,0,0,0,0,0,1,0,2,3,2,2,2,3,2,2,1,2,1,1,1,1,1,1,0,1,1,0
syn_aggregate_00150,22,2.0,1,0,0,1,0,0,0,0,0,0,2,0,0,1,1,0,0,4,0,2,1,1,1,0,2,2,1,1,0,0,1,0,0,0,0,0,1,0,0,0,0,0,0,0,1,0,1,0,0,1,2,1,1,1,1,2,1,0,1,1,0,0,0,0,0,0,0,0,0
syn_aggregate_00151,38,1.0,0,1,1,0,1,0,0,1,0,1,0,0,0,0,0,1,0,3,0,2,1,0,2,1,2,1,1,0,0,0,0,0,0,0,1,0,1,1,0,0,1,1,0,1,0,0,0,1,1,1,1,1,0,0,1,0,0,0,0,1,2,1,2,1,0,0,1,0,0
syn_aggregate_00152,20,1.0,1,3,1,2,1,0,1,0,0,1,1,1,0,0,0,0,0,0,0,3,2,2,2,2,2,2,2,1,1,2,1,2,1,1,1,0,2,1,0,2,1,1,3,1,1,1,1,1,0,0,0,0,0,0,1,0,0,0,0,1,2,2,2,3,2,1,2,2,1
syn_aggregate_00153,22,1.0,1,2,1,1,0,1,1,0,0,0,1,0,0,1,0,0,1,0,0,1,0,1,0,1,0,0,1,0,0,1,2,2,1,2,2,2,1,2,1,1,1,2,1,1,1,0,1,0,0,1,2,1,1,2,0,2,0,1,1,1,2,1,1,2,0,0,2,1,0
syn_aggregate_00154,21,1.0,0,0,1,0,0,1,0,0,0,0,0,0,0,0,0,0,0,0,0,1,2,1,1,1,2,1,1,1,0,0,1,1,0,1,1,1,1,1,0,0,0,0,1,0,0,0,0,0,0,0,0,0,0,0,0,1,0,0,0,0,1,0,0,0,0,0,0,0,0
syn_aggregate_00155,18,2.0,1,2,1,1,0,2,1,0,0,0,0,0,0,0,1,1,0,0,0,2,1,2,1,1,2,1,2,1,1,1,0,1,0,1,0,1,0,1,0,0,0,0,1,1,0,0,1,0,0,2,3,2,2,2,3,1,2,1,2,1,2,3,1,3,1,1,2,1,0
syn_aggregate_00156,19,1.0,2,2,1,2,1,2,2,1,0,0,0,0,0,1,0,0,1,0,0,0,0,0,0,0,0,0,0,0,0,0,0,0,0,0,0,0,0,0,0,0,0,0,0,0,0,0,0,0,0,0,0,0,0,0,0,0,0,0,0,2,2,2,2,2,2,2,2,2,2
syn_aggregate_00157,18,2.0,1,1,1,0,0,0,0,0,0,0,1,0,0,1,0,0,1,0,0,0,0,1,0,0,0,0,0,0,0,0,1,2,1,1,0,2,1,2,0,1,0,0,0,1,1,1,1,0,0,1,3,2,4,3,3,4,2,1,4,0,2,2,1,1,0,1,2,1,1
syn_aggregate_00158,18,2.0,0,1,1,1,0,1,1,0,0,3,1,2,2,3,2,1,2,1,3,0,0,0,0,0,0,0,0,0,1,0,0,0,0,0,0,0,0,1,0,0,0,0,0,1,0,0,0,1,0,1,2,1,1,2,2,3,1,2,3,1,3,2,1,3,1,0,2,1,0
syn_aggregate_00159,21,1.0,2,2,1,2,1,2,2,1,3,0,1,0,0,0,0,0,3,1,0,3,2,3,2,2,2,2,2,2,2,3,2,4,3,3,4,4,2,3,2,0,0,0,0,0,0,0,0,0,1,4,3,4,3,3,2,3,3,2,2,1,3,4,2,4,4,3,4,3,4
syn_aggregate_00160,19,1.0,2,3,2,1,1,0,1,0,0,0,0,0,0,0,0,0,0,0,0,3,2,3,3,3,3,2,2,2,2,1,2,1,1,1,0,1,1,1,0,3,4,3,4,2,1,1,1,1,1,0,0,0,0,0,0,1,0,0,0,1,1,1,1,1,1,0,1,1,1
syn_aggregate_00161,21,2.0,1,2,2,1,0,1,1,0,0,2,2,1,1,1,2,2,1,1,1,4,3,3,2,3,4,3,2,1,4,2,2,1,1,1,1,2,2,1,0,2,1,2,2,1,1,1,1,1,1,0,1,0,0,0,1,0,0,0,0,1,1,1,1,2,1,1,1,1,1
syn_aggregate_00162,18,2.0,0,1,1,2,1,0,2,0,0,0,1,0,0,1,0,1,1,0,1,2,3,2,2,2,4,2,3,2,1,2,2,2,1,1,2,2,1,1,1,2,1,1,2,0,1,1,0,0,1,0,0,1,0,1,0,0,1,0,0,1,0,2,1,3,0,1,1,0,0
syn_aggregate_00163,34,2.0,2,2,1,2,1,2,2,1,0,3,4,2,3,3,4,4,3,1,4,2,3,1,1,2,1,1,2,1,1,1,1,1,2,1,1,2,2,1,2,0,0,0,0,0,0,0,0,1,0,0,0,0,0,0,0,0,0,1,0,1,2,2,1,2,2,1,2,1,1
syn_aggregate_00164,19,2.0,2,3,3,3,2,2,3,1,0,1,1,0,0,0,0,0,0,0,0,3,4,3,2,2,4,2,3,2,1,0,0,0,0,0,0,0,0,0,0,0,0,0,0,0,0,0,0,1,1,1,1,1,0,0,1,1,1,1,1,0,1,1,0,1,0,0,1,1,0
syn_aggregate_00165,21,2.0,0,1,1,3,2,0,1,1,0,2,1,3,0,2,1,2,3,2,1,1,2,1,1,1,2,1,2,2,1,1,2,1,1,1,0,0,1,1,1,0,0,0,0,0,0,0,0,0,0,0,0,0,0,0,1,0,0,0,1,1,2,1,1,2,0,0,2,1,1
syn_aggregate_00166,20,2.0,1,3,2,2,2,2,2,1,1,1,2,1,0,2,0,1,1,0,1,3,2,3,2,1,4,2,3,3,2,1,2,1,1,2,3,2,3,3,2,0,0,0,0,0,0,0,0,0,0,1,2,1,1,1,2,1,1,1,1,0,1,0,0,1,0,0,1,0,1
syn_aggregate_00167,36,1.0,1,2,1,1,1,1,1,0,0,1,1,1,0,0,0,0,0,0,0,1,1,0,0,0,1,0,1,1,0,2,2,1,2,1,1,1,1,0,0,0,0,0,0,1,0,0,1,0,0,0,0,0,0,0,0,0,0,0,0,0,0,0,0,1,0,0,0,0,0
syn_aggregate_00168,21,2.0,1,2,2,1,0,2,1,0,0,2,3,2,4,2,3,4,3,2,1,4,3,4,3,3,4,3,3,3,3,0,1,0,0,1,2,1,1,2,0,3,2,3,2,2,2,1,1,2,3,1,1,2,1,1,3,2,2,2,1,0,2,2,2,2,1,1,1,1,1
syn_aggregate_00169,20,2.0,1,0,0,0,0,1,0,0,0,0,0,0,0,0,0,0,0,0,0,2,1,3,1,2,2,1,2,1,0,1,1,1,0,0,1,0,1,0,0,0,0,0,1,0,0,0,0,0,0,1,1,1,0,1,2,2,0,1,0,0,1,0,0,1,0,0,0,0,0
syn_aggregate_00170,22,1.0,1,2,1,2,0,1,1,0,0,0,0,0,0,0,0,0,0,0,0,0,0,0,0,0,0,0,0,0,0,0,0,0,0,0,0,0,1,0,0,1,0,0,1,0,0,0,0,0,0,1,1,1,1,1,2,1,1,1,0,1,1,2,1,1,0,0,2,1,1
syn_aggregate_00171,21,2.0,2,1,2,1,1,1,2,1,1,2,2,2,1,1,1,1,2,0,0,3,2,4,2,3,2,2,4,2,1,1,2,1,1,1,2,1,2,1,1,0,0,0,0,0,1,0,0,0,2,2,2,1,1,1,2,1,2,1,1,1,2,1,1,3,1,1,2,1,2
syn_aggregate_00172,28,2.0,2,2,2,1,1,1,2,1,0,0,0,0,0,0,1,1,1,1,0,2,2,1,1,1,2,2,2,1,1,1,2,2,1,1,1,2,2,1,1,2,1,2,2,1,1,1,1,2,1,1,2,2,1,1,1,2,2,1,1,1,1,1,1,2,1,1,1,1,1
syn_aggregate_00173,18,2.0,2,2,0,0,0,2,0,0,0,2,1,2,1,1,2,1,2,0,1,3,2,1,2,2,2,1,2,1,1,0,0,1,1,0,0,0,1,0,0,0,0,0,1,1,0,0,0,0,0,0,0,0,0,0,0,1,0,0,0,1,1,0,0,1,0,0,1,0,0
syn_aggregate_00174,32,2.0,1,2,1,1,0,0,0,0,0,1,1,1,0,0,0,0,1,0,0,1,0,0,1,0,1,0,1,0,0,0,0,0,0,0,0,0,0,0,0,0,0,0,0,0,0,0,1,1,0,0,0,0,0,0,0,0,0,0,0,0,0,1,0,1,0,0,1,0,0
syn_aggregate_00175,31,1.0,2,3,2,3,1,3,2,1,2,3,2,2,2,3,2,2,2,2,2,0,2,1,1,1,2,1,2,1,0,3,1,4,2,1,2,2,3,1,4,0,2,1,1,1,1,1,0,1,0,1,2,1,2,2,1,2,1,1,2,2,3,2,2,3,2,2,2,2,2
syn_aggregate_00176,36,2.0,2,3,2,3,1,2,3,0,1,1,1,0,1,1,1,0,1,0,0,0,0,0,0,0,0,0,0,0,0,3,3,3,2,3,3,3,2,2,2,2,2,3,2,1,2,1,2,1,1,2,2,2,1,2,3,3,3,1,2,1,2,1,2,2,1,1,2,1,1
syn_aggregate_00177,20,1.0,2,2,2,2,1,1,0,0,0,1,3,2,1,2,2,0,2,2,1,3,3,2,2,3,3,2,3,2,2,2,1,2,1,1,1,0,1,1,0,0,0,0,0,0,0,0,0,0,0,0,1,0,0,0,0,0,0,1,0,0,0,0,0,0,0,0,0,0,0
syn_aggregate_00178,22,1.0,2,3,1,2,0,1,2,0,0,1,2,1,2,2,2,2,2,2,2,1,1,1,0,0,1,1,1,1,0,3,2,2,2,2,2,2,1,1,1,1,1,0,0,1,0,0,0,0,0,1,2,0,1,0,1,1,0,0,0,0,1,0,0,0,0,0,1,0,0
syn_aggregate_00179,21,2.0,1,2,1,2,1,0,0,0,0,0,1,0,0,0,1,1,0,0,0,1,0,2,1,2,1,2,1,0,1,0,1,0,1,1,1,2,1,1,0,1,2,2,1,1,0,0,1,1,1,0,0,0,0,0,0,0,1,1,0,1,3,2,2,2,0,0,1,2,1
syn_aggregate_00180,21,1.0,1,0,0,0,0,0,0,0,0,1,1,0,0,0,2,0,0,0,0,1,0,0,0,0,0,0,0,0,1,1,1,0,0,0,1,0,0,1,0,2,0,1,2,1,0,0,1,0,0,0,0,0,0,0,0,0,0,1,0,1,1,0,2,1,1,1,1,1,1
syn_aggregate_00181,18,1.0,2,3,2,1,1,1,1,0,1,1,1,1,1,1,0,0,0,0,0,1,1,1,1,1,1,1,1,1,1,2,1,1,0,0,1,1,3,1,1,0,0,0,0,1,1,0,0,1,0,0,0,0,0,0,1,0,0,0,0,1,1,0,0,0,0,0,0,0,0
syn_aggregate_00182,22,1.0,1,2,1,1,0,2,2,0,0,0,0,0,0,0,0,0,0,0,0,0,0,0,0,0,0,0,0,0,0,0,0,0,0,0,0,0,0,0,0,0,0,0,0,0,0,0,0,0,0,1,2,1,0,0,0,0,0,1,1,1,2,1,1,2,0,0,1,1,0
syn_aggregate_00183,19,1.0,2,3,2,3,2,2,3,1,2,1,1,1,1,1,1,1,1,1,1,2,1,1,2,1,2,1,1,1,1,1,2,2,1,2,1,1,2,1,1,0,0,0,1,1,0,0,0,0,0,3,2,3,2,3,2,2,3,2,3,0,1,2,1,3,1,1,3,2,1
syn_aggregate_00184,20,2.0,0,1,0,0,0,0,0,0,1,1,1,1,1,0,0,0,0,0,0,0,0,0,0,0,0,1,2,0,0,0,1,0,0,0,0,0,0,0,0,0,0,0,0,0,0,0,0,0,0,1,0,1,0,1,1,0,1,0,1,0,0,0,0,0,0,0,0,0,1
syn_aggregate_00185,19,2.0,2,1,2,1,1,1,2,1,1,1,2,2,0,1,1,0,1,3,1,3,1,2,1,1,1,1,0,0,0,2,3,3,2,3,2,2,3,2,3,0,2,0,0,0,2,0,1,0,2,2,1,2,1,2,1,1,2,1,1,1,2,1,1,2,1,1,1,1,1
syn_aggregate_00186,19,2.0,2,2,1,3,1,3,2,1,1,0,0,0,0,0,0,4,0,0,0,3,2,2,2,1,2,2,1,1,1,2,2,2,2,2,2,2,2,2,2,0,0,0,0,0,0,0,0,0,1,0,0,0,0,0,0,1,0,0,0,1,3,2,2,2,1,1,2,1,1
syn_aggregate_00187,49,1.0,2,2,1,2,1,2,1,1,1,1,0,0,0,0,0,0,0,0,0,0,1,0,0,1,1,0,1,0,0,1,1,1,1,1,0,0,0,1,0,1,1,0,1,0,1,0,0,1,1,1,1,0,1,1,2,0,1,0,1,1,1,1,1,1,0,0,0,0,0
syn_aggregate_00188,41,2.0,2,3,3,3,2,3,2,2,2,0,0,0,0,0,0,0,0,0,0,3,2,2,1,1,3,2,1,1,2,2,4,4,3,4,0,0,4,0,0,2,1,2,1,2,1,1,1,1,2,1,1,2,0,1,1,2,1,0,1,2,3,4,3,4,3,2,4,3,4
syn_aggregate_00189,36,1.0,2,2,2,2,0,1,0,0,0,0,0,0,0,0,0,0,0,0,1,2,3,2,2,3,3,1,4,1,3,2,3,2,2,1,3,2,2,1,1,0,0,0,0,0,1,1,1,2,0,1,1,1,1,1,2,0,2,0,0,1,2,2,1,2,1,1,2,1,2
syn_aggregate_00190,22,2.0,0,0,1,0,0,1,0,0,0,0,0,0,0,0,0,0,1,0,0,2,1,2,1,1,2,1,1,1,1,1,2,1,2,1,2,2,1,2,1,0,0,0,1,0,0,0,0,0,2,0,0,1,0,0,0,1,0,0,0,0,0,0,0,1,0,0,0,0,0
syn_aggregate_00191,22,2.0,0,0,0,0,0,0,0,0,0,0,0,0,0,0,0,0,0,0,0,0,0,0,0,0,0,0,1,0,0,0,0,0,0,0,0,0,0,0,1,0,0,0,0,0,0,0,0,0,0,0,0,0,0,0,1,0,0,0,0,0,2,1,1,2,0,0,2,1,3
syn_aggregate_00192,19,2.0,0,2,1,2,0,1,0,0,0,0,0,0,0,0,0,0,1,0,0,3,3,3,3,2,2,2,2,2,2,1,2,1,3,2,2,2,0,2,2,2,1,1,2,1,1,1,1,0,0,2,2,2,2,2,1,1,1,1,1,0,1,0,1,1,0,0,1,0,0
syn_aggregate_00193,36,1.0,1,3,1,2,1,1,1,1,1,0,0,0,0,0,0,0,0,1,1,2,1,2,0,1,1,0,2,0,0,1,0,1,1,0,0,1,2,0,0,0,0,0,1,0,0,0,0,0,0,0,0,0,0,0,0,0,0,0,0,0,1,0,0,1,0,0,1,0,0
syn_aggregate_00194,29,2.0,2,3,1,3,1,2,2,1,1,0,1,0,0,1,0,1,0,1,1,2,2,1,1,1,2,1,1,2,1,1,2,2,1,2,1,1,2,0,0,2,0,1,1,0,0,0,0,1,0,1,2,2,1,2,2,3,1,0,2,2,3,2,2,3,1,1,3,2,2
syn_aggregate_00195,19,2.0,2,3,1,1,1,2,1,0,0,0,0,0,0,0,0,0,0,0,0,2,3,2,3,2,2,1,3,3,2,2,3,3,2,3,2,2,3,2,2,0,0,0,1,1,0,0,0,0,0,0,0,0,0,0,0,0,0,0,0,1,1,2,1,2,1,1,2,2,1
syn_aggregate_00196,21,1.0,2,1,1,1,1,2,1,0,0,0,0,0,0,0,0,0,0,0,0,2,2,1,2,2,2,1,2,1,1,1,2,2,1,2,2,1,2,1,2,1,1,2,0,0,0,0,0,0,1,0,0,0,0,0,0,1,0,0,0,1,2,2,1,1,1,0,2,1,0
syn_aggregate_00197,22,2.0,0,0,0,0,0,0,0,0,0,0,0,0,0,0,0,0,0,0,0,0,0,0,0,0,0,0,0,0,0,0,0,0,0,0,0,0,1,0,0,1,1,0,1,0,1,0,1,0,0,0,0,0,0,0,0,0,0,0,0,1,1,1,1,1,0,0,0,0,0
syn_aggregate_00198,20,1.0,2,3,2,2,3,3,3,2,2,1,0,4,1,1,1,1,2,1,1,3,2,3,3,3,2,4,3,2,2,1,3,3,2,2,3,4,3,2,2,2,2,1,2,1,2,1,2,1,2,2,1,2,1,1,2,1,1,1,2,2,2,3,2,2,1,1,2,1,1
syn_aggregate_00199,22,1.0,0,2,2,3,1,2,2,3,2,3,4,3,3,3,3,3,3,2,2,1,2,2,1,1,2,1,1,1,1,3,3,2,2,2,2,2,1,1,1,2,1,2,3,1,1,1,0,1,1,1,1,0,1,1,1,0,1,0,1,1,2,1,1,2,1,1,1,1,1
syn_aggregate_00200,47,2.0,2,3,3,2,1,3,2,1,2,3,3,2,3,2,3,2,2,2,2,1,1,1,1,1,0,0,0,0,0,4,4,4,4,4,4,4,4,4,4,1,0,0,1,0,0,0,0,0,0,2,3,1,2,2,1,2,2,0,1,2,3,2,2,3,1,1,2,2,1
syn_aggregate_00201,27,1.0,2,2,1,2,1,2,1,1,1,1,1,1,1,1,2,2,2,0,0,4,0,4,2,2,4,4,4,2,0,2,1,3,1,3,0,2,2,0,0,2,2,1,3,2,2,1,2,2,3,2,2,2,2,2,2,2,1,2,1,2,1,2,2,2,1,1,2,1,1
syn_aggregate_00202,49,2.0,2,3,2,3,2,1,2,1,0,0,0,0,0,0,0,0,0,0,0,0,0,0,0,0,0,1,0,0,0,0,1,0,0,0,0,0,0,1,0,0,0,0,1,0,0,0,0,0,0,0,0,0,0,0,0,0,0,1,0,0,1,1,1,1,0,0,1,1,0
syn_aggregate_00203,19,1.0,2,3,1,2,1,2,3,1,0,0,0,0,1,1,1,1,1,1,1,2,3,1,1,0,4,2,1,1,0,2,2,2,2,2,2,2,2,0,3,1,2,1,1,2,1,1,2,1,1,1,2,1,1,1,1,1,2,1,0,2,1,3,1,4,2,1,2,2,1
syn_aggregate_00204,22,2.0,2,3,1,2,1,2,2,1,0,0,0,0,1,0,0,0,1,1,0,2,1,1,1,1,2,1,1,1,1,2,1,0,0,0,2,1,2,1,0,1,0,0,0,0,0,0,0,0,0,0,0,1,0,0,0,0,0,0,1,0,0,0,0,1,0,0,0,0,0
syn_aggregate_00205,46,1.0,1,0,0,0,0,0,0,0,0,0,0,0,0,0,0,1,0,0,0,1,1,0,1,1,2,1,1,0,0,2,3,2,2,2,3,2,2,2,2,0,2,2,2,2,1,1,1,1,0,2,1,3,2,2,3,4,1,0,2,1,2,2,1,2,1,1,2,1,2
syn_aggregate_00206,43,1.0,0,1,0,1,1,0,1,0,0,0,0,1,0,0,0,0,0,0,0,1,1,0,0,0,1,0,0,0,1,0,0,0,0,0,0,0,0,0,0,0,1,0,0,0,0,0,0,0,0,0,0,0,0,0,0,1,0,0,0,0,0,0,0,0,0,0,0,0,0
syn_aggregate_00207,18,1.0,1,1,1,0,0,1,1,0,0,1,2,1,1,2,1,1,1,1,1,0,0,0,0,1,0,0,0,0,0,2,3,3,2,3,3,3,3,3,2,0,1,0,1,0,1,0,1,0,0,2,2,2,2,2,3,2,2,2,2,4,3,3,3,4,2,2,3,4,2
syn_aggregate_00208,19,1.0,1,2,1,2,0,2,1,0,0,0,1,0,0,0,0,0,0,0,0,0,0,0,0,0,0,0,0,0,0,0,1,1,1,1,0,1,1,0,0,1,2,2,1,1,2,2,1,1,1,1,1,1,1,1,2,0,1,1,0,1,2,1,2,2,1,1,1,1,1
syn_aggregate_00209,22,2.0,0,1,2,0,0,0,0,0,0,0,1,1,1,1,2,1,2,1,0,0,0,0,0,0,1,0,0,1,0,1,2,2,1,1,2,0,1,1,1,0,0,0,0,0,0,0,0,0,0,0,0,0,0,0,0,1,0,0,0,0,2,0,0,1,1,0,1,0,1
syn_aggregate_00210,18,2.0,0,0,0,0,0,0,0,0,0,0,0,0,0,1,0,0,1,1,1,1,1,0,1,0,3,1,1,2,0,1,1,1,0,0,0,0,0,0,0,1,0,1,0,1,0,0,1,1,0,0,0,0,0,0,1,0,0,0,0,0,0,0,0,0,0,0,0,0,1
syn_aggregate_00211,19,1.0,1,0,0,0,0,0,0,0,0,0,0,0,0,0,0,0,0,0,0,0,0,0,0,0,0,0,0,0,0,0,0,0,0,0,0,0,0,0,0,0,0,0,0,0,0,0,0,0,0,0,0,0,0,0,0,0,0,0,0,0,0,0,0,0,0,0,0,0,0
syn_aggregate_00212,20,2.0,2,2,1,2,0,1,2,1,0,0,1,0,0,0,0,0,0,1,0,2,1,2,1,1,2,2,2,1,2,1,4,2,2,2,4,3,3,2,2,0,0,0,0,0,0,0,0,0,1,0,0,0,0,0,0,0,0,0,4,1,2,1,1,2,0,0,2,1,0
syn_aggregate_00213,22,2.0,1,2,1,2,2,2,3,1,2,3,3,2,2,2,2,1,2,2,1,0,0,0,0,0,0,0,0,1,0,1,1,0,1,1,1,0,1,1,0,2,2,1,3,2,1,1,2,2,2,0,0,0,0,0,0,1,0,0,0,0,1,0,0,1,0,0,1,0,0
syn_aggregate_00214,21,1.0,1,1,0,0,0,0,0,0,0,0,0,0,0,0,0,0,0,1,0,1,1,2,1,1,2,1,2,1,1,1,2,2,1,1,1,2,2,0,0,0,0,0,0,0,0,0,0,0,1,0,0,0,0,0,1,0,0,0,0,1,3,2,1,3,0,1,2,2,1
syn_aggregate_00215,19,2.0,1,2,1,2,0,1,1,0,1,0,0,0,0,1,0,0,0,0,0,2,2,1,1,1,2,1,2,1,1,1,2,1,2,1,1,2,1,2,1,0,0,0,1,0,0,0,0,0,0,0,0,0,0,0,0,0,0,0,1,1,2,2,1,2,1,1,2,2,1
syn_aggregate_00216,20,2.0,0,0,0,0,0,0,0,0,0,0,0,0,0,0,0,0,1,2,0,0,0,0,1,1,1,0,0,0,0,2,3,2,1,2,2,2,3,1,1,4,2,3,4,2,1,1,2,2,3,0,0,0,1,0,2,1,0,1,0,0,0,0,0,1,0,0,0,0,0
syn_aggregate_00217,19,2.0,2,3,2,2,1,1,1,2,0,1,1,0,1,1,1,0,1,0,1,1,1,0,1,1,2,1,0,0,0,0,0,0,0,0,0,0,0,0,0,1,1,2,0,0,0,0,0,0,0,1,2,0,1,0,1,1,0,0,1,0,0,0,0,0,0,0,0,0,1
syn_aggregate_00218,19,2.0,1,1,1,1,1,2,1,0,0,2,2,1,2,1,1,1,2,0,1,1,2,1,2,1,1,1,1,0,1,0,0,0,0,0,0,0,0,0,0,2,2,2,2,1,1,1,1,1,2,1,1,1,0,1,1,0,0,0,0,1,1,1,1,0,1,1,1,1,1
syn_aggregate_00219,20,2.0,1,2,1,1,0,0,0,0,0,2,1,2,1,1,2,1,1,1,1,4,2,2,2,2,3,1,2,2,2,1,1,1,1,1,0,0,0,0,0,2,2,1,2,2,1,1,1,1,1,0,0,0,0,0,0,0,0,0,1,1,1,1,1,2,0,0,1,0,0
syn_aggregate_00220,21,2.0,1,2,2,1,1,1,2,1,1,0,0,0,0,0,1,0,1,0,0,1,1,1,1,0,1,1,1,0,1,0,0,0,0,0,1,0,1,0,0,4,1,4,3,3,1,2,2,0,1,0,0,0,0,0,0,0,0,0,0,1,1,1,1,1,0,0,1,0,0
syn_aggregate_00221,20,2.0,2,2,3,3,2,2,1,1,0,0,1,0,1,0,0,1,1,1,0,4,4,4,4,4,4,4,3,4,4,1,2,1,1,1,1,1,2,0,0,2,2,4,3,3,1,2,1,1,1,0,0,0,0,0,0,0,0,1,0,4,3,4,3,4,2,2,3,2,1
syn_aggregate_00222,21,2.0,1,1,1,0,0,1,0,0,0,1,1,0,0,0,0,0,2,0,0,1,1,1,1,1,1,1,1,1,1,2,1,3,1,2,0,1,2,1,0,0,0,0,0,0,0,1,0,0,0,1,2,1,0,1,2,1,1,0,0,0,1,0,0,1,0,0,1,0,0
syn_aggregate_00223,19,2.0,1,2,1,2,0,2,1,0,0,0,0,0,0,0,0,0,0,0,0,0,0,0,0,0,1,0,1,0,0,0,0,0,0,0,0,0,0,0,1,0,0,0,0,1,0,0,0,0,0,0,0,0,0,0,1,0,0,0,0,0,1,0,0,0,0,0,0,0,1
syn_aggregate_00224,19,1.0,1,1,2,2,0,1,1,0,2,1,1,1,1,1,1,1,1,1,1,2,2,1,1,1,1,1,1,0,0,1,0,1,0,0,1,0,0,1,1,0,1,1,1,1,1,1,1,1,1,0,0,0,0,0,0,0,0,0,1,1,2,1,2,3,1,1,2,1,1
syn_aggregate_00225,20,2.0,0,1,0,1,0,0,0,0,0,0,0,0,0,0,0,0,0,0,0,1,1,1,0,0,1,1,1,1,0,0,0,0,0,0,0,0,0,0,0,1,0,0,1,0,0,0,0,0,0,0,0,0,0,0,0,0,0,0,0,1,1,1,1,1,0,0,0,0,0
syn_aggregate_00226,19,2.0,0,1,1,1,1,0,0,0,0,0,0,0,0,0,0,0,0,1,0,3,2,2,3,2,3,1,3,2,1,2,1,2,1,1,1,1,1,1,1,0,0,0,0,0,0,0,0,0,0,0,0,0,0,0,0,0,0,0,0,1,1,2,1,1,0,0,2,1,1
syn_aggregate_00227,20,2.0,2,1,1,1,0,0,0,0,0,1,1,1,1,1,1,1,1,1,1,1,1,1,0,0,0,0,0,0,0,0,0,0,0,0,0,0,0,0,0,0,0,0,0,0,0,0,0,0,1,1,1,0,0,0,0,0,0,0,0,0,0,0,0,0,0,0,0,0,0
syn_aggregate_00228,18,2.0,0,1,1,0,0,0,0,0,0,2,3,2,2,2,2,0,1,2,0,0,0,0,0,0,0,0,0,0,1,0,1,0,0,1,0,1,0,0,0,1,1,0,0,1,0,0,1,0,0,0,0,0,0,1,0,0,2,1,0,0,0,0,0,2,0,0,1,0,0
syn_aggregate_00229,19,2.0,1,2,2,2,1,2,1,1,2,2,1,2,1,2,1,2,1,1,2,2,2,1,1,1,2,1,1,1,1,2,1,1,1,1,1,1,2,2,1,1,1,1,2,1,1,0,1,1,1,1,1,1,1,1,0,1,1,1,0,1,1,1,1,2,1,1,1,1,1
syn_aggregate_00230,18,2.0,1,2,1,2,0,2,1,0,0,0,0,0,0,0,0,0,0,0,0,0,0,0,0,0,0,0,1,0,0,1,2,2,2,1,2,1,2,1,1,4,0,0,0,0,0,0,0,0,0,2,3,1,2,2,2,3,1,1,2,0,0,0,1,1,0,0,0,0,0
syn_aggregate_00231,22,2.0,1,1,2,2,1,2,2,1,2,1,2,0,1,1,1,1,2,0,0,2,1,2,1,2,1,2,1,1,3,0,1,0,0,0,0,0,0,0,0,0,0,0,0,0,0,0,0,0,0,0,0,0,0,0,0,0,0,0,0,1,2,1,2,2,1,0,2,1,1
syn_aggregate_00232,32,1.0,0,0,0,0,0,0,0,0,0,0,0,0,0,0,0,0,0,0,0,0,0,0,0,0,0,0,0,0,0,0,0,0,0,0,0,0,0,0,0,0,0,0,0,0,0,0,0,0,0,0,0,0,0,0,0,0,0,0,1,0,0,0,0,0,0,0,1,0,0
syn_aggregate_00233,21,2.0,1,1,1,0,0,1,1,1,1,0,0,1,0,0,1,1,0,0,1,0,0,0,0,0,2,1,2,0,4,0,1,0,0,0,1,1,0,0,0,0,0,0,0,0,0,0,0,0,0,0,0,0,0,0,0,0,0,0,1,0,0,0,0,0,0,0,0,0,0
syn_aggregate_00234,20,1.0,1,2,2,2,1,1,1,1,0,0,0,0,0,0,0,0,0,0,1,2,1,2,1,1,3,2,1,1,0,1,3,2,2,1,3,2,3,2,1,1,1,1,1,0,0,0,0,0,0,0,0,0,0,0,1,1,0,0,0,0,2,1,0,2,1,0,2,1,1
syn_aggregate_00235,21,1.0,0,0,0,0,0,0,0,0,0,0,0,0,0,0,0,1,0,0,0,0,0,0,0,1,0,0,0,0,0,1,1,1,1,0,1,0,1,1,0,0,0,0,0,0,1,0,0,0,0,1,1,1,1,1,1,1,1,1,1,1,0,1,0,0,0,0,1,0,0
syn_aggregate_00236,18,2.0,2,3,2,2,1,3,2,1,0,0,0,0,0,0,0,0,0,0,0,1,1,1,0,0,1,0,1,0,0,1,2,2,1,2,1,0,1,2,0,3,2,4,3,3,3,2,2,2,2,1,0,1,0,0,1,1,0,0,0,1,3,2,2,3,2,1,3,2,1
syn_aggregate_00237,20,2.0,0,0,0,0,0,1,0,0,0,0,0,0,0,0,0,0,0,0,0,1,1,1,1,1,0,0,1,0,1,1,1,1,0,1,0,0,1,0,0,0,1,0,0,0,0,0,0,0,1,3,3,4,3,3,3,3,3,2,3,1,2,1,1,2,0,1,2,1,1
syn_aggregate_00238,22,2.0,2,2,1,2,2,1,1,1,1,1,2,1,1,1,1,1,1,0,1,2,1,2,2,2,2,2,2,1,1,0,0,0,0,0,0,0,0,0,0,0,0,0,0,0,0,0,0,0,1,0,0,0,0,0,0,0,0,0,1,2,3,2,1,3,2,1,2,2,2
syn_aggregate_00239,22,1.0,2,3,2,2,1,2,2,1,3,0,1,0,1,1,0,0,1,4,0,2,2,1,2,2,1,1,1,0,2,1,4,3,3,2,2,3,4,2,2,4,2,4,3,2,3,2,3,2,2,2,3,3,2,2,3,2,2,2,2,0,1,0,0,1,0,0,1,0,1
syn_aggregate_00240,20,2.0,0,1,1,2,1,1,2,1,1,4,4,4,4,4,2,3,4,1,2,2,3,1,2,2,3,2,2,2,2,3,3,2,3,2,3,3,3,2,3,1,0,0,0,0,0,0,0,0,0,2,2,2,1,2,2,2,1,1,1,2,4,3,3,4,3,2,3,4,2
syn_aggregate_00241,46,1.0,3,3,2,3,2,3,2,2,1,0,2,1,1,2,2,1,1,2,1,2,1,1,1,1,2,1,2,1,1,2,3,3,2,3,2,2,3,2,1,0,0,0,1,1,0,0,0,2,0,0,0,0,0,0,0,0,1,0,0,1,1,1,1,2,0,0,1,1,0
syn_aggregate_00242,18,2.0,1,3,2,2,0,2,1,0,1,4,3,4,3,4,4,4,3,2,3,2,3,2,2,2,3,2,2,2,2,4,4,4,3,3,3,3,3,4,2,0,0,0,0,1,2,2,3,3,3,1,2,2,0,1,3,2,3,0,1,2,3,2,2,3,2,2,2,2,3
syn_aggregate_00243,48,2.0,1,2,2,1,0,0,1,0,0,1,0,1,0,1,0,1,0,1,0,0,0,0,0,0,0,0,0,0,1,3,2,3,2,2,0,1,2,2,1,0,0,0,0,0,0,0,0,0,0,0,0,0,0,0,1,1,0,0,0,0,1,1,0,1,1,1,1,0,0
syn_aggregate_00244,19,1.0,0,2,2,2,0,2,2,0,0,0,0,0,0,0,1,0,0,0,0,0,0,0,0,1,0,0,0,0,0,2,3,2,1,1,2,1,2,1,0,0,0,0,1,0,0,0,0,1,0,2,3,2,2,2,3,2,2,2,2,2,3,2,2,3,1,1,2,2,1
syn_aggregate_00245,,2.0,1,2,0,1,1,0,1,0,0,0,1,1,0,2,0,1,1,1,0,2,2,1,3,2,1,1,2,1,1,2,2,3,1,2,1,2,1,0,0,0,0,0,0,0,0,1,0,0,0,0,1,1,0,0,0,1,0,0,0,0,3,2,2,3,2,1,2,3,1
syn_aggregate_00246,18,2.0,2,3,2,2,2,2,2,0,1,1,2,1,0,2,1,0,2,1,0,3,2,4,3,2,4,3,2,3,3,2,2,2,1,2,2,1,2,1,1,3,2,2,2,1,2,1,2,2,2,1,0,0,0,0,1,0,0,0,0,3,2,4,1,3,2,0,3,2,1
syn_aggregate_00247,19,2.0,0,0,0,0,0,0,0,0,0,0,0,0,0,0,0,0,0,0,0,1,1,1,0,0,1,0,0,1,0,0,0,0,0,0,0,0,0,0,1,0,0,0,0,0,0,0,0,1,0,0,0,0,0,0,0,0,0,0,0,0,0,0,0,0,0,0,0,0,0
syn_aggregate_00248,18,2.0,0,0,0,0,0,0,0,0,0,0,0,0,0,0,0,0,1,0,0,2,1,1,2,1,2,0,1,1,0,1,2,2,1,2,1,1,2,1,3,1,2,2,1,1,1,0,1,1,0,0,0,1,0,0,0,1,0,1,0,2,3,2,3,2,1,2,3,2,3
syn_aggregate_00249,33,2.0,2,3,2,3,1,2,1,0,0,1,1,0,1,1,1,0,0,1,0,1,2,1,1,2,1,1,3,2,0,1,1,1,1,1,1,1,1,1,1,3,3,3,2,2,2,2,0,0,2,0,0,0,0,0,1,0,0,0,0,2,1,1,1,2,0,0,1,0,0
syn_aggregate_00250,19,2.0,0,1,0,0,0,1,0,0,0,0,0,0,0,0,0,0,0,0,0,1,0,1,0,0,0,1,0,1,0,0,0,0,0,0,0,0,0,0,0,0,0,0,0,0,0,0,0,0,0,0,0,0,0,0,0,0,0,0,0,0,0,0,0,0,0,0,0,0,0
syn_aggregate_00251,18,1.0,2,2,2,2,1,2,2,2,1,0,0,0,0,0,0,1,1,1,1,1,1,1,2,1,2,1,1,1,1,2,3,3,2,2,2,1,3,1,0,2,1,1,3,1,1,0,2,1,0,0,0,0,0,1,1,0,1,1,0,1,2,2,2,3,1,1,2,2,1
syn_aggregate_00252,24,2.0,1,2,2,1,1,1,1,0,0,0,0,0,1,0,0,0,0,0,0,1,1,1,2,2,1,1,1,1,0,3,4,3,2,3,1,2,4,1,1,0,0,0,0,0,0,0,0,0,0,0,0,1,0,0,1,1,0,1,0,0,0,0,0,0,0,0,0,0,1
syn_aggregate_00253,20,1.0,0,1,0,0,0,0,0,0,0,2,1,0,1,1,1,1,0,0,0,2,3,2,2,3,2,1,2,3,2,1,2,1,0,1,1,1,0,2,0,1,0,1,1,1,0,1,1,0,0,2,1,2,1,1,3,2,1,1,2,1,2,1,1,2,0,0,2,0,0
syn_aggregate_00254,19,2.0,1,2,2,2,1,2,2,1,1,2,2,3,1,1,2,1,2,1,1,0,1,0,1,1,1,1,1,0,0,0,1,2,1,1,1,1,2,1,0,0,0,0,0,1,0,0,0,0,0,0,0,0,0,0,0,0,1,0,0,0,1,0,0,1,0,0,1,0,0
syn_aggregate_00255,19,1.0,1,2,1,1,0,0,1,0,0,2,3,3,1,2,1,1,1,1,1,2,2,1,1,1,1,1,2,0,0,0,0,0,0,0,0,1,2,0,0,0,0,0,0,0,0,0,0,0,0,0,0,0,0,0,1,0,0,0,0,0,0,0,0,1,0,0,0,0,0
syn_aggregate_00256,18,2.0,1,1,0,0,0,1,0,0,0,0,1,0,0,0,0,0,0,1,0,0,0,0,0,0,0,0,1,0,0,1,1,1,1,1,2,2,2,1,1,2,1,2,2,2,1,1,2,0,1,3,2,2,2,1,2,3,1,1,2,0,1,0,0,0,0,0,1,0,0
syn_aggregate_00257,21,2.0,0,0,0,0,0,0,0,0,0,0,0,0,0,0,0,0,0,0,0,1,1,0,0,0,1,1,0,1,0,1,2,2,0,1,1,2,0,1,0,0,0,0,0,0,1,1,0,0,0,0,0,0,1,0,0,0,0,0,0,0,0,0,0,1,0,0,0,0,0
syn_aggregate_00258,20,1.0,1,2,1,1,0,1,1,0,0,1,0,1,0,0,0,0,0,0,0,3,0,3,2,2,2,1,2,0,2,0,1,2,0,0,1,0,0,1,0,0,0,0,0,0,0,0,0,0,0,1,1,0,0,0,2,2,1,1,0,1,2,1,1,2,2,1,2,2,1
syn_aggregate_00259,18,1.0,0,2,1,1,0,1,2,0,0,0,0,0,1,1,0,0,0,1,0,3,1,2,2,1,2,1,2,1,1,1,1,2,2,2,0,1,2,1,1,0,0,1,1,0,0,0,1,1,0,0,1,0,1,1,0,0,1,0,1,0,1,2,1,1,0,0,0,1,1
syn_aggregate_00260,46,2.0,2,3,2,3,2,2,2,2,1,0,0,0,1,0,0,0,0,0,0,3,2,3,2,2,2,2,3,1,2,1,0,1,0,0,1,1,0,1,0,0,0,1,0,1,0,0,1,1,0,0,0,0,1,1,0,0,1,1,0,1,2,1,1,2,1,1,1,1,1
syn_aggregate_00261,21,2.0,0,1,0,1,0,0,0,0,0,0,1,0,0,1,0,0,1,4,0,1,1,1,1,1,1,1,1,1,0,0,0,0,0,0,0,0,1,0,0,0,0,0,0,0,0,0,0,0,0,0,0,0,0,0,1,0,0,0,0,1,2,2,2,2,2,2,2,2,1
syn_aggregate_00262,18,2.0,1,0,0,0,0,1,0,0,0,0,1,0,0,0,0,1,0,1,0,2,3,2,2,2,3,1,2,2,3,2,2,1,1,1,3,2,2,2,0,0,0,0,0,0,0,0,0,0,0,0,0,1,0,0,0,0,1,0,0,0,0,0,0,0,0,0,1,0,0
syn_aggregate_00263,20,1.0,0,0,0,0,0,0,0,0,0,0,0,1,0,0,0,0,0,0,0,3,3,4,4,3,3,3,3,3,3,2,2,2,2,2,2,1,2,1,1,0,0,0,0,0,0,0,1,0,0,3,3,3,1,2,3,4,3,2,2,0,0,0,0,0,0,0,0,0,0
syn_aggregate_00264,21,1.0,1,1,1,1,0,2,1,0,0,1,2,1,0,2,1,0,1,1,0,3,2,3,2,2,3,3,2,2,3,3,2,2,1,1,3,3,2,2,0,3,2,2,1,1,1,1,1,1,1,1,0,0,0,0,0,0,0,1,0,1,2,1,1,1,2,1,1,1,2
syn_aggregate_00265,20,2.0,0,0,1,1,0,0,0,0,0,0,1,0,0,0,0,0,1,0,0,2,2,2,1,1,1,2,2,2,1,0,0,0,0,0,0,0,1,1,0,0,0,0,0,0,1,0,1,0,1,2,2,2,2,2,4,2,2,2,0,1,3,2,1,3,1,0,2,2,1
syn_aggregate_00266,19,1.0,2,3,2,2,1,3,2,1,0,2,1,3,2,2,1,2,2,1,1,2,2,2,2,1,2,2,2,1,1,1,2,2,1,2,1,1,2,1,1,0,0,0,0,0,0,0,0,0,0,0,0,0,0,0,0,0,1,0,0,2,3,3,2,4,3,2,3,4,2
syn_aggregate_00267,18,1.0,0,1,0,1,0,1,1,0,0,0,1,0,0,1,1,1,0,0,0,1,1,1,1,0,1,1,1,0,0,1,2,2,1,1,0,0,1,1,0,0,0,1,1,0,0,0,0,1,0,0,0,0,0,0,0,0,0,0,0,1,1,1,1,1,0,0,0,0,0
syn_aggregate_00268,19,2.0,1,1,2,1,1,2,1,0,0,0,0,0,0,0,0,0,0,0,1,2,1,1,2,0,2,0,1,0,0,1,2,1,0,0,1,1,1,0,0,0,0,0,0,0,0,0,1,0,0,1,4,1,1,1,3,2,0,0,0,0,1,1,0,1,0,0,1,0,0
syn_aggregate_00269,21,2.0,2,3,1,2,1,1,2,1,0,0,0,1,0,0,0,0,1,0,0,1,1,2,1,1,2,1,1,0,0,0,0,0,0,0,0,0,1,0,0,1,0,1,0,0,1,0,0,1,0,0,0,0,0,0,1,0,0,0,0,1,2,2,1,2,0,0,1,0,0
syn_aggregate_00270,19,2.0,1,2,1,1,0,1,1,1,0,2,3,2,1,2,1,1,3,0,1,2,3,2,3,2,3,2,3,2,2,1,0,1,1,1,1,1,1,0,0,0,0,0,0,0,0,0,0,0,1,1,1,2,1,1,1,1,0,0,1,2,1,2,1,2,1,1,2,1,1
syn_aggregate_00271,21,2.0,1,2,1,1,0,0,0,0,0,2,1,2,1,2,1,1,2,1,1,0,2,0,1,1,0,1,0,1,0,0,1,0,0,1,0,0,1,0,0,0,0,0,0,0,0,0,0,0,1,0,0,1,0,1,0,1,1,1,1,1,1,1,1,2,1,1,1,1,0
syn_aggregate_00272,19,2.0,0,1,0,0,0,0,0,0,0,0,0,0,0,0,0,0,1,1,0,0,0,1,1,0,1,0,1,0,0,0,0,0,1,1,0,0,0,0,0,0,1,0,0,0,0,0,0,1,0,0,0,0,0,0,0,0,0,0,0,1,2,1,1,2,0,0,1,1,0
syn_aggregate_00273,20,1.0,2,3,0,2,1,2,2,0,2,0,0,0,0,0,0,0,0,0,0,2,2,1,2,1,2,2,1,1,1,0,1,0,0,1,0,1,1,0,0,1,0,0,1,0,1,0,0,1,0,3,3,2,3,3,2,2,2,1,2,0,0,0,0,0,0,0,0,0,0
syn_aggregate_00274,19,1.0,2,3,2,2,1,2,2,1,1,0,0,0,0,0,0,0,0,0,1,3,3,2,2,2,3,3,2,3,2,1,1,2,2,2,1,2,3,2,2,1,3,2,2,1,2,2,2,1,1,0,0,1,1,0,1,1,0,0,1,1,2,1,1,2,1,1,2,1,1
syn_aggregate_00275,18,1.0,0,1,0,0,0,0,0,0,0,0,0,0,0,0,0,0,1,0,0,3,4,2,3,3,3,2,3,3,2,0,0,0,0,0,0,0,0,0,0,1,0,1,1,0,0,0,0,1,0,0,1,0,0,0,1,0,0,0,0,0,0,0,1,0,0,0,0,0,0
syn_aggregate_00276,20,1.0,1,2,2,0,0,1,0,0,1,1,2,0,0,1,1,1,2,0,0,1,2,0,1,1,1,1,1,0,1,2,3,3,1,2,2,2,1,1,0,3,2,3,1,2,2,1,2,1,2,1,2,0,0,0,2,0,0,0,0,0,0,0,0,0,0,0,0,0,0
syn_aggregate_00277,20,2.0,1,2,2,1,1,2,1,0,0,1,1,1,1,1,1,1,1,1,1,1,2,0,2,1,2,2,0,1,0,0,0,0,0,0,1,0,1,0,0,0,0,0,1,0,0,0,0,1,0,0,0,0,0,0,0,0,0,0,1,1,2,1,0,2,0,0,1,1,0
syn_aggregate_00278,19,2.0,1,1,1,1,1,0,1,1,0,0,0,0,0,0,0,1,0,0,0,1,2,2,1,1,2,0,2,1,0,1,1,2,0,1,2,1,2,2,0,1,0,0,1,1,1,0,1,0,1,0,0,0,0,1,0,0,0,1,0,0,1,1,0,2,1,0,1,1,0
syn_aggregate_00279,19,2.0,2,3,2,2,1,3,2,1,3,3,3,3,3,2,3,2,4,2,2,3,4,2,1,2,4,2,3,2,1,2,3,2,2,2,2,2,2,2,2,0,1,1,1,1,1,0,0,0,0,1,1,1,0,1,1,1,0,1,1,2,3,3,3,3,2,2,3,3,3
syn_aggregate_00280,21,2.0,2,3,2,1,1,2,2,0,1,0,0,0,0,0,0,0,1,0,0,2,2,3,3,2,2,2,3,2,2,0,1,2,0,0,0,1,2,1,0,0,0,0,0,0,0,0,0,0,0,0,0,1,0,0,1,1,0,1,0,1,2,2,1,1,0,0,1,1,1
syn_aggregate_00281,22,2.0,0,2,1,1,0,2,1,0,0,0,0,0,0,0,0,0,0,0,0,0,1,0,1,0,0,1,0,1,0,0,0,0,0,0,1,0,0,0,0,3,2,2,3,2,1,1,1,1,1,2,2,1,1,1,3,2,1,1,1,1,2,2,2,2,1,1,2,1,0
syn_aggregate_00282,20,2.0,1,2,1,2,1,1,2,0,1,3,2,2,2,2,1,4,1,2,1,3,4,4,4,4,4,3,4,3,3,2,3,3,1,1,2,2,2,2,1,1,1,0,1,0,1,1,1,1,0,1,1,1,0,0,1,1,0,0,0,2,2,2,1,1,1,1,1,1,1
syn_aggregate_00283,23,1.0,0,0,1,0,0,0,0,0,0,0,0,0,0,0,0,0,0,0,0,1,1,0,1,1,1,0,0,0,0,0,1,0,0,0,0,0,2,0,0,1,0,0,1,0,0,0,0,0,0,2,2,3,1,2,1,0,1,0,1,2,1,2,1,3,1,1,1,1,1
syn_aggregate_00284,20,2.0,1,2,0,2,1,0,1,0,0,0,0,0,1,2,1,1,1,1,0,0,0,0,0,0,0,0,0,0,0,3,4,0,1,1,0,1,3,0,0,0,0,0,0,1,0,0,0,0,0,1,1,0,0,1,1,0,1,0,0,1,2,2,1,3,1,1,2,1,0
syn_aggregate_00285,51,2.0,2,2,2,2,1,2,1,0,0,2,1,1,1,1,1,1,1,0,0,4,4,3,4,4,4,3,4,3,4,1,1,0,1,1,1,0,1,1,0,1,0,1,1,1,0,0,0,1,1,0,1,1,1,1,1,0,0,0,0,3,2,3,2,3,1,1,2,2,2
syn_aggregate_00286,42,2.0,1,2,2,2,1,1,2,1,2,0,1,1,0,0,1,0,1,1,0,2,1,2,2,1,1,2,1,1,2,2,2,3,2,2,2,1,3,1,1,3,2,3,3,2,2,2,2,2,3,3,3,2,2,3,4,4,3,1,2,2,2,2,2,2,2,2,3,3,3
syn_aggregate_00287,19,2.0,1,1,1,2,0,2,1,0,0,0,0,0,0,0,0,0,0,0,1,1,2,1,0,0,0,0,0,0,0,0,0,0,0,0,0,0,0,0,0,1,1,1,1,1,0,0,0,1,1,1,1,1,1,1,1,1,0,0,0,0,1,1,0,1,0,0,1,1,0
syn_aggregate_00288,21,2.0,0,0,0,0,0,0,0,0,0,0,1,0,1,2,0,0,1,0,0,2,3,2,3,2,4,3,3,2,1,0,0,0,0,0,0,0,0,0,0,0,2,1,0,3,0,0,2,3,0,1,2,2,0,1,2,1,1,1,2,2,3,3,2,4,1,0,2,2,1
syn_aggregate_00289,21,1.0,1,2,2,1,1,0,2,0,3,2,2,2,1,1,0,0,2,1,0,2,3,4,2,3,4,2,3,2,2,1,2,1,2,1,1,2,1,2,1,0,0,0,1,0,0,0,0,1,0,1,1,0,0,0,0,0,1,1,0,0,1,1,1,2,0,0,1,2,1
syn_aggregate_00290,22,2.0,1,2,1,2,1,1,1,1,0,0,0,0,0,0,0,0,0,0,0,4,4,0,2,3,1,2,3,1,0,1,1,0,1,0,0,0,1,1,1,3,3,2,4,3,2,2,3,2,3,2,2,1,3,3,1,2,2,1,0,1,2,2,1,2,0,1,2,1,0
syn_aggregate_00291,21,1.0,2,3,3,2,2,3,1,2,2,3,4,3,3,4,2,3,3,2,3,2,3,1,3,2,2,1,3,2,1,1,2,1,1,2,2,1,1,2,1,2,2,2,1,1,2,1,2,1,1,1,2,1,1,1,2,1,1,1,1,2,2,1,2,2,1,1,2,1,1
syn_aggregate_00292,21,2.0,0,1,0,1,0,0,0,0,1,0,0,0,0,0,0,1,0,0,0,0,0,0,0,0,1,0,0,0,0,1,1,1,0,0,0,1,1,1,0,0,1,1,0,1,0,0,1,1,1,3,4,4,3,3,2,2,3,2,2,1,2,2,1,3,0,0,2,1,0
syn_aggregate_00293,22,2.0,1,2,1,1,2,0,1,0,0,1,2,1,1,2,0,1,1,3,2,0,0,0,0,0,0,0,0,0,0,2,2,3,3,3,3,4,3,3,2,1,2,1,2,2,1,2,1,1,2,1,1,2,1,1,2,1,1,0,2,1,2,2,2,2,1,1,1,2,0
syn_aggregate_00294,20,2.0,2,3,1,2,2,2,2,1,0,0,1,0,0,1,0,0,0,0,0,0,0,1,1,1,0,0,1,2,0,0,1,3,0,1,0,0,3,1,0,0,0,0,0,0,0,0,0,0,1,0,0,0,0,0,1,0,1,0,0,0,1,0,0,1,1,1,1,0,0
syn_aggregate_00295,18,2.0,0,2,0,0,0,0,0,0,0,0,0,0,0,0,0,0,1,0,0,0,0,0,0,0,4,4,4,4,3,0,0,0,0,0,0,0,1,0,0,0,0,0,0,0,0,0,0,0,0,0,0,0,0,0,0,0,0,0,0,1,2,1,1,2,1,0,1,1,0
syn_aggregate_00296,20,1.0,0,0,0,1,0,0,0,0,0,1,1,1,0,0,0,0,0,0,0,0,0,0,0,0,0,0,0,0,0,1,1,1,1,1,0,0,1,0,0,1,1,1,0,0,1,0,0,1,0,3,3,4,2,4,3,2,3,0,2,1,3,2,1,3,1,1,2,0,1
syn_aggregate_00297,19,2.0,0,1,0,1,0,1,0,0,2,0,0,0,0,0,0,0,0,0,0,2,1,2,1,0,2,1,2,1,1,0,1,0,0,0,0,0,1,0,0,1,1,1,1,0,0,0,0,0,0,1,2,1,1,1,1,1,0,0,0,2,1,2,1,3,0,1,2,1,0
syn_aggregate_00298,19,2.0,2,3,2,2,1,2,2,1,1,1,1,1,0,0,0,0,1,1,0,0,0,0,1,0,1,0,0,0,0,1,2,2,1,1,0,1,2,1,0,0,0,0,1,0,0,0,0,0,1,0,0,0,0,1,0,1,0,1,0,2,3,3,2,3,1,1,2,1,1
syn_aggregate_00299,20,1.0,1,2,1,2,0,1,1,1,0,1,2,1,2,2,1,1,2,1,2,0,1,1,1,0,1,0,0,0,0,2,3,1,2,2,1,2,2,1,2,0,1,1,0,0,0,0,0,1,0,1,1,1,1,1,1,1,1,1,0,2,2,3,2,2,1,1,3,2,2
syn_aggregate_00300,22,2.0,1,2,1,1,0,0,0,0,0,0,0,0,0,0,1,0,0,1,0,2,1,2,1,1,2,1,2,1,1,0,0,0,0,1,0,0,0,0,0,3,2,3,3,2,2,1,2,2,2,0,0,0,0,0,1,0,0,0,0,1,2,1,1,2,0,0,1,1,0
syn_aggregate_00301,19,1.0,2,3,0,2,0,1,0,1,0,1,2,1,1,2,1,0,2,1,1,4,4,4,4,4,4,4,4,4,4,4,4,4,4,4,4,4,4,4,4,0,0,0,0,0,0,0,0,0,0,0,0,0,1,1,0,0,1,0,0,0,1,1,0,1,1,0,1,1,1
syn_aggregate_00302,42,2.0,1,2,0,2,0,2,0,1,1,1,1,2,1,1,0,0,1,1,0,0,0,0,0,0,1,1,0,1,0,1,2,1,0,0,0,0,0,0,0,0,0,0,0,0,0,0,0,0,0,1,1,1,1,1,1,1,0,0,0,0,0,0,0,0,0,0,0,0,0
syn_aggregate_00303,49,2.0,0,0,0,0,0,0,0,0,0,0,0,0,0,0,0,0,0,0,0,0,1,0,0,1,1,0,1,0,0,0,0,0,0,0,0,0,0,0,0,0,0,0,0,0,0,0,0,0,1,0,0,1,0,0,0,0,0,0,0,0,0,1,0,1,0,0,1,0,0
syn_aggregate_00304,21,2.0,1,2,1,2,1,2,2,1,1,1,0,2,0,2,1,1,2,1,1,2,1,0,1,0,1,0,1,0,0,2,3,3,3,2,2,3,2,2,2,4,3,3,4,3,2,3,3,2,3,1,2,1,2,1,3,2,1,2,1,2,3,1,3,2,1,2,3,1,0
syn_aggregate_00305,22,1.0,0,1,0,0,0,1,0,0,0,0,0,0,0,0,0,0,0,1,0,1,2,1,1,2,3,2,1,1,1,2,3,2,2,3,2,2,3,1,2,0,0,0,0,0,0,0,0,0,4,0,0,0,0,0,1,0,0,0,0,2,1,0,1,2,0,0,1,0,1
syn_aggregate_00306,18,1.0,2,2,2,2,1,2,2,1,1,4,3,2,2,3,1,3,2,1,0,0,0,0,0,0,1,0,0,0,0,0,0,0,0,0,0,0,1,1,0,0,1,0,0,0,1,0,1,0,1,2,2,1,2,1,2,2,0,1,2,1,2,2,3,2,1,2,3,2,2
syn_aggregate_00307,22,2.0,1,2,0,1,0,0,0,0,0,0,0,0,0,0,0,0,0,0,0,4,4,1,2,3,2,3,2,2,3,2,3,2,1,1,2,1,2,2,0,2,2,3,2,2,1,1,1,1,0,0,1,0,0,0,0,0,1,0,0,0,1,0,1,2,0,0,0,0,0
syn_aggregate_00308,21,2.0,1,2,1,1,0,0,0,0,0,0,0,0,0,0,0,0,1,0,0,0,0,0,0,0,0,0,1,0,0,2,3,1,2,2,2,2,1,1,1,1,1,1,0,1,0,1,0,0,0,1,2,1,1,2,1,2,1,0,1,1,1,1,1,1,1,1,1,0,0
syn_aggregate_00309,22,1.0,1,2,1,1,2,1,1,0,0,0,0,0,0,0,0,0,1,0,0,2,1,2,1,1,2,1,1,1,1,0,1,0,0,0,0,0,0,0,0,0,0,0,0,1,0,0,0,0,0,0,0,0,0,0,0,0,0,0,2,1,2,1,0,1,0,0,1,1,1
syn_aggregate_00310,19,2.0,1,1,0,0,0,0,0,0,0,0,0,0,0,0,0,0,0,0,0,0,0,0,0,0,0,0,0,0,0,0,0,0,0,0,0,0,0,0,0,0,1,0,0,1,0,0,1,0,0,1,1,1,0,0,0,0,0,0,0,1,2,1,2,1,1,1,2,1,1
syn_aggregate_00311,33,2.0,1,2,2,2,1,2,2,1,2,0,1,1,1,1,0,0,1,0,0,4,4,4,4,4,4,3,4,4,4,3,2,3,2,2,2,2,3,1,2,1,1,0,1,0,1,1,0,0,1,1,1,1,2,1,1,2,1,2,1,1,2,1,1,2,1,0,1,1,1
syn_aggregate_00312,22,2.0,0,3,2,2,2,1,2,0,1,0,0,0,0,1,1,0,0,1,0,3,3,1,2,2,4,3,2,2,1,1,2,1,0,1,1,1,1,0,0,0,0,1,1,1,0,0,1,0,0,1,2,0,1,1,3,4,2,0,1,1,1,1,1,1,0,0,0,0,0
syn_aggregate_00313,49,1.0,0,1,0,1,0,0,0,0,0,3,3,2,2,2,3,4,0,0,1,2,2,2,2,2,2,2,2,2,2,2,3,3,3,3,4,3,3,2,2,0,0,0,1,0,0,0,0,2,0,0,0,0,0,0,1,0,0,0,0,0,2,1,0,1,0,0,1,1,1
syn_aggregate_00314,21,1.0,2,3,1,2,1,1,2,1,1,1,2,1,1,0,1,1,1,1,0,0,1,0,0,0,0,0,0,1,0,1,3,2,0,2,1,1,2,2,0,0,0,0,0,0,0,0,0,0,0,2,2,2,2,2,1,2,1,0,2,1,3,0,0,2,0,0,1,1,3
syn_aggregate_00315,19,2.0,1,2,2,2,1,2,2,1,0,0,0,0,0,0,0,1,1,0,0,0,0,0,0,0,0,0,0,0,0,0,0,0,0,0,0,0,1,1,0,0,0,0,0,0,0,0,0,0,0,1,2,1,0,1,0,1,0,1,0,0,2,1,0,2,0,0,1,0,0
syn_aggregate_00316,19,2.0,0,0,0,0,0,0,0,0,0,0,0,0,0,0,0,0,0,4,4,1,1,0,0,0,2,1,1,1,0,1,2,0,1,1,2,1,3,3,0,1,0,0,1,0,1,0,0,0,0,2,3,3,2,2,3,4,3,2,3,0,0,0,1,0,0,0,0,0,0
syn_aggregate_00317,21,1.0,2,2,2,1,0,2,1,0,0,0,0,0,0,0,0,0,0,0,1,1,2,3,2,2,2,3,3,1,3,2,2,3,1,2,3,3,2,1,0,3,3,2,2,2,2,2,4,3,2,1,2,0,2,1,2,1,0,1,2,0,2,2,2,2,0,0,2,1,1
syn_aggregate_00318,19,2.0,2,2,0,2,0,1,0,0,0,2,2,1,0,1,0,1,1,0,1,0,0,0,0,0,1,0,0,0,0,0,0,0,0,0,0,0,0,0,0,1,1,2,2,0,0,0,0,0,0,1,1,1,1,1,2,1,1,1,0,0,0,0,0,1,0,0,0,0,0
syn_aggregate_00319,22,2.0,0,1,1,2,1,0,0,0,0,1,0,1,0,1,0,0,0,0,0,1,1,1,1,1,0,0,0,0,0,1,1,2,1,1,0,0,2,1,0,2,3,2,2,1,0,1,0,0,3,0,0,0,0,0,1,0,0,0,0,1,1,1,0,1,0,0,1,0,0
syn_aggregate_00320,40,2.0,2,1,2,2,1,1,1,1,0,1,1,1,1,1,1,1,1,1,1,3,4,2,2,2,2,1,1,1,1,1,2,2,2,1,1,0,1,1,0,2,2,1,1,0,0,0,1,2,1,0,0,0,0,0,1,0,0,0,0,0,2,1,1,2,1,1,2,1,1
syn_aggregate_00321,21,1.0,1,1,0,0,0,0,0,0,0,0,0,0,0,0,0,1,1,1,1,0,0,0,0,0,1,0,0,0,0,0,1,0,0,0,0,1,0,0,0,0,0,0,0,0,1,0,0,0,0,2,3,2,2,2,0,1,1,0,0,1,1,0,1,2,1,1,1,1,0
syn_aggregate_00322,21,1.0,2,2,2,2,1,1,1,1,1,2,2,2,2,2,1,1,1,1,1,3,2,2,2,2,3,1,2,3,2,1,1,2,0,1,1,0,1,0,0,0,0,0,1,0,0,0,0,1,0,2,1,1,1,1,2,1,1,1,1,1,1,0,0,2,0,0,1,0,0
syn_aggregate_00323,20,1.0,2,2,1,2,1,1,1,1,0,1,3,2,1,2,2,1,3,1,1,1,2,1,1,0,0,0,1,1,0,1,2,1,0,0,1,2,1,2,0,0,0,0,0,0,0,0,0,0,0,0,0,0,0,0,0,0,0,1,0,0,1,2,0,2,1,0,2,1,0
syn_aggregate_00324,21,2.0,2,3,2,1,1,2,1,1,0,0,0,0,0,0,0,0,0,0,4,1,2,1,0,0,1,0,1,0,0,0,0,0,0,0,0,0,0,0,0,0,0,0,0,0,0,0,0,0,0,1,1,1,1,1,0,0,0,0,0,1,2,2,2,2,1,1,2,2,1
syn_aggregate_00325,25,2.0,0,0,0,0,0,0,0,0,0,1,1,2,0,0,0,0,0,0,0,0,0,0,0,0,0,0,0,0,0,0,1,0,0,0,0,1,1,0,0,2,3,2,3,2,2,2,2,2,2,0,1,1,0,1,0,1,0,1,0,1,1,0,0,1,0,0,0,0,0
syn_aggregate_00326,19,2.0,0,1,1,0,1,1,1,2,1,0,0,0,1,0,0,1,0,2,0,2,2,2,2,2,3,1,2,2,1,4,3,3,3,2,2,2,1,2,3,2,1,1,2,1,1,1,1,0,1,0,0,0,0,0,1,0,0,0,0,0,0,0,0,0,0,0,0,1,0
syn_aggregate_00327,20,2.0,1,2,1,1,0,2,1,0,0,1,1,0,0,2,0,1,0,1,0,1,0,0,0,0,0,0,0,0,0,0,0,0,0,0,0,0,0,1,0,3,2,4,3,2,2,1,1,1,1,0,0,1,0,0,1,1,0,0,1,1,2,2,1,2,1,1,1,1,1
syn_aggregate_00328,20,2.0,2,1,1,0,0,1,0,0,0,1,1,0,0,2,0,1,0,2,0,1,1,2,0,1,1,0,1,0,0,1,1,0,0,0,0,0,0,1,0,1,0,0,0,0,0,0,0,3,0,0,0,0,0,0,0,0,0,0,1,1,1,1,1,1,0,0,1,0,0
syn_aggregate_00329,18,2.0,1,2,3,3,1,2,2,0,2,1,2,2,1,2,0,1,1,1,1,2,2,1,1,1,3,2,2,1,0,0,0,0,0,0,0,0,0,0,1,1,2,1,2,1,0,0,1,1,1,0,0,0,1,1,1,1,1,0,0,4,4,4,4,4,3,3,4,4,3
syn_aggregate_00330,21,2.0,0,0,0,0,0,0,0,0,0,0,0,0,0,0,0,0,1,0,0,0,0,0,0,0,0,0,0,0,0,1,2,1,0,0,0,1,1,1,0,0,0,0,0,0,0,0,0,0,1,0,0,0,0,0,0,0,0,0,0,0,0,0,0,0,1,0,0,0,0
syn_aggregate_00331,40,2.0,2,2,2,1,1,2,2,1,0,0,1,1,1,0,1,1,1,0,0,1,2,1,1,1,2,1,0,1,0,0,1,0,0,0,1,0,0,1,0,0,0,0,0,0,0,0,0,0,1,2,1,0,1,2,0,2,0,2,2,1,2,2,2,2,1,1,1,1,0
syn_aggregate_00332,20,2.0,0,3,3,2,3,3,2,1,0,0,0,1,0,0,0,0,1,0,0,3,2,3,2,2,3,2,2,2,2,2,2,2,2,2,1,2,2,1,1,1,1,0,2,1,1,1,1,1,1,2,1,2,1,1,2,1,1,0,2,1,2,1,1,2,0,0,1,1,1
syn_aggregate_00333,43,2.0,1,2,1,1,0,0,0,0,0,1,0,0,1,0,0,0,0,1,0,1,1,1,1,1,2,2,2,2,2,4,4,4,2,2,0,0,1,1,0,1,0,0,0,0,0,0,0,0,0,0,0,0,0,0,0,0,0,0,0,0,0,0,0,0,0,0,0,0,0
syn_aggregate_00334,21,1.0,1,2,0,1,0,1,1,0,0,1,2,0,1,1,0,1,1,0,0,0,0,0,0,0,0,0,1,0,0,0,0,0,0,0,4,0,0,0,0,1,1,2,1,1,0,0,0,1,0,4,3,4,2,3,4,2,2,1,3,0,0,0,0,1,0,0,0,0,0
syn_aggregate_00335,22,2.0,1,2,1,1,0,1,0,0,0,1,0,0,0,0,0,0,0,0,0,1,2,1,1,0,2,1,0,1,1,1,0,1,1,0,0,0,1,0,0,0,1,0,1,0,1,0,1,0,0,0,0,0,0,0,1,0,0,0,0,1,1,0,0,0,0,0,1,0,0
syn_aggregate_00336,20,1.0,1,2,1,2,1,2,1,1,0,0,0,1,0,0,0,0,1,0,0,1,2,0,2,1,3,0,2,1,1,2,3,3,2,2,3,2,3,2,3,0,0,0,1,0,0,0,0,0,0,2,2,2,1,1,0,1,1,1,1,1,2,1,1,2,1,1,1,1,1
syn_aggregate_00337,21,2.0,1,2,1,2,1,1,1,1,0,0,1,0,0,1,1,2,1,1,0,0,0,0,0,0,0,0,0,0,1,2,2,2,1,2,1,3,2,2,1,2,2,2,3,1,1,1,1,0,0,2,2,1,3,2,3,2,1,0,2,1,1,1,0,1,0,0,1,1,0
syn_aggregate_00338,41,1.0,1,2,2,1,0,1,1,0,0,0,0,0,0,0,0,0,0,0,0,2,3,2,3,2,3,2,3,2,2,1,0,1,0,1,1,0,0,0,0,0,0,0,0,0,0,0,0,0,1,1,1,2,1,1,3,3,2,1,2,0,0,0,0,1,0,0,0,0,0
syn_aggregate_00339,47,2.0,2,3,2,3,1,2,3,1,1,1,1,1,1,1,0,0,0,0,0,0,0,0,0,0,0,0,1,1,0,0,0,0,0,0,1,1,1,1,0,1,0,0,0,1,0,0,0,1,0,0,1,0,0,1,2,0,2,0,1,1,1,1,1,1,1,1,1,1,1
syn_aggregate_00340,21,1.0,1,2,1,2,1,1,1,0,1,1,1,2,1,2,1,1,1,2,1,2,3,1,1,2,3,1,2,0,0,0,1,0,0,1,1,0,1,0,0,0,1,0,1,0,1,0,0,0,0,0,0,0,0,0,0,1,1,1,0,1,1,1,2,2,1,1,1,1,1
syn_aggregate_00341,19,2.0,2,3,2,2,1,3,2,0,0,0,0,0,0,0,0,0,0,0,0,1,1,1,1,1,1,2,1,1,1,2,2,1,1,2,0,1,2,1,1,0,1,0,3,0,2,0,1,0,0,4,3,3,4,3,4,2,3,1,2,1,1,1,1,2,1,1,1,1,0
syn_aggregate_00342,31,1.0,1,0,0,0,0,1,0,0,0,0,0,0,0,0,0,0,1,0,0,2,1,2,1,2,2,1,2,1,2,0,0,0,0,0,0,1,0,0,4,0,0,0,0,0,0,0,1,1,0,0,0,1,0,0,0,0,1,0,0,0,0,0,0,1,0,0,0,0,0
syn_aggregate_00343,36,2.0,1,2,0,0,0,0,0,0,0,0,1,0,1,0,0,0,0,0,0,2,2,2,2,2,2,2,2,2,1,0,0,0,0,0,0,0,0,0,0,1,1,1,0,1,1,0,0,1,0,0,0,0,0,0,2,1,0,1,0,1,1,1,1,1,0,0,1,0,0
syn_aggregate_00344,20,2.0,3,3,3,3,3,3,3,3,2,3,2,3,2,3,2,2,3,2,2,4,4,3,3,3,4,2,3,2,3,1,3,3,3,2,2,3,2,1,1,4,4,4,3,2,2,2,2,2,3,1,1,0,0,0,1,1,0,1,0,4,3,4,4,4,2,3,4,4,3
syn_aggregate_00345,20,2.0,1,3,2,1,1,3,1,0,0,1,1,1,1,1,1,0,1,1,0,1,1,0,1,1,0,0,0,0,0,0,0,0,0,0,0,0,0,0,1,1,2,2,1,1,0,0,0,1,0,0,0,0,0,0,1,0,0,0,0,1,1,1,1,2,1,1,1,1,1
syn_aggregate_00346,19,2.0,1,2,1,1,0,0,0,0,0,0,0,1,0,0,0,0,1,1,0,1,1,1,0,0,2,1,0,0,0,2,2,3,1,1,3,2,3,2,1,1,1,1,3,0,2,0,2,1,1,0,0,0,0,0,0,0,0,0,1,0,0,0,0,0,1,1,1,1,1
syn_aggregate_00347,25,2.0,2,3,2,3,2,2,2,2,2,2,2,4,1,2,1,1,3,1,2,3,2,2,2,2,2,2,1,1,1,1,1,1,2,1,1,2,1,1,2,2,1,1,1,1,1,1,1,1,1,1,2,1,1,2,1,1,2,1,1,1,1,2,1,2,1,1,2,1,1
syn_aggregate_00348,22,2.0,2,2,1,2,0,2,1,0,1,1,2,0,0,1,1,0,0,0,0,1,1,2,0,1,2,0,1,1,0,2,1,2,1,1,2,2,3,1,0,0,1,0,1,1,0,0,0,0,0,0,0,0,0,0,0,0,0,0,0,1,2,2,1,2,0,0,1,1,1
syn_aggregate_00349,19,2.0,0,1,1,1,0,2,1,1,1,0,0,1,0,0,0,0,0,1,0,1,1,0,0,1,0,0,0,0,1,1,1,1,1,1,1,1,1,1,1,2,1,3,1,2,1,1,0,0,0,1,1,1,1,1,2,1,1,1,1,1,2,1,2,2,1,1,2,1,2
syn_aggregate_00350,18,1.0,2,2,1,2,1,3,2,1,0,2,1,2,1,2,1,1,2,0,1,3,3,2,1,2,4,3,2,1,2,0,0,0,0,0,0,1,0,1,0,1,0,0,1,0,0,0,1,0,0,0,1,1,0,1,1,1,1,0,0,2,2,2,2,2,2,2,2,2,2
syn_aggregate_00351,18,1.0,1,3,0,0,0,0,0,0,0,0,0,0,0,0,0,0,0,0,0,1,2,2,2,1,3,3,1,0,0,0,0,0,0,1,1,0,0,0,0,0,0,0,0,1,0,0,0,0,0,0,1,1,0,0,0,0,0,0,0,1,4,0,2,1,0,1,2,2,0
syn_aggregate_00352,21,1.0,2,3,1,1,0,2,1,0,1,2,3,2,2,2,2,3,2,2,2,4,4,4,4,4,4,4,3,4,4,2,1,1,2,2,2,1,1,1,1,2,3,3,3,2,1,1,1,2,1,3,2,3,2,3,2,3,2,2,3,1,2,2,1,2,1,1,2,1,1
syn_aggregate_00353,22,1.0,0,1,1,2,0,1,0,0,0,1,2,1,1,1,0,1,2,1,1,4,4,3,2,2,3,3,2,2,3,0,1,0,0,0,0,0,0,0,0,0,1,0,1,0,0,0,1,0,0,0,0,0,0,0,0,0,0,0,1,1,1,1,0,1,0,0,1,0,0
syn_aggregate_00354,45,1.0,1,1,1,1,1,0,0,0,0,0,0,0,0,0,0,1,1,3,2,3,2,1,2,1,2,1,2,0,1,0,0,0,0,0,0,0,0,0,0,0,1,0,0,0,0,0,0,1,0,2,2,1,1,1,1,2,1,1,1,0,1,0,0,0,0,0,0,0,3
syn_aggregate_00355,19,2.0,1,1,0,0,0,0,0,0,0,0,0,0,0,0,0,0,1,0,0,0,0,0,0,0,0,0,0,0,0,0,0,0,0,0,0,0,0,0,0,2,1,2,1,0,0,0,0,0,0,0,1,0,2,1,0,0,1,1,2,0,1,1,1,2,0,0,1,0,0
syn_aggregate_00356,18,2.0,2,3,2,2,1,1,1,1,0,0,0,0,0,0,0,0,0,1,0,4,3,0,3,2,2,0,1,2,0,2,2,2,1,1,2,2,2,2,1,1,0,0,1,0,0,0,0,0,0,0,0,0,1,1,0,1,0,0,1,4,4,3,2,4,2,2,4,2,2
syn_aggregate_00357,22,1.0,0,1,0,1,0,0,0,0,0,1,2,1,0,1,1,2,0,2,0,0,0,1,0,0,1,0,0,0,0,1,3,4,2,2,2,3,4,1,1,0,0,0,0,0,0,0,0,0,0,0,0,0,0,0,0,0,1,0,0,0,0,0,0,0,0,0,0,0,1
syn_aggregate_00358,19,1.0,0,1,2,1,0,1,0,0,0,1,2,1,1,1,0,1,1,1,0,2,2,1,1,1,0,0,0,1,0,0,0,0,1,0,0,0,0,1,1,0,0,0,0,0,0,0,1,0,0,0,0,0,0,0,0,0,0,0,0,1,2,1,1,3,0,0,1,1,1
syn_aggregate_00359,20,2.0,2,3,2,2,1,2,2,1,0,0,0,0,1,2,0,1,1,1,1,2,3,2,3,2,3,2,2,1,2,3,2,2,2,2,1,1,3,1,2,3,2,4,3,2,2,2,2,1,3,1,2,2,1,2,2,1,2,1,2,3,3,3,3,3,4,4,3,3,3
syn_aggregate_00360,18,2.0,0,0,1,0,1,2,0,0,0,0,0,0,0,0,0,0,1,1,0,0,0,0,0,0,0,0,0,0,1,0,0,0,0,1,0,0,0,0,0,0,0,0,0,0,0,0,0,0,0,0,0,0,0,0,0,0,0,0,4,0,0,0,0,0,0,0,0,0,1
syn_aggregate_00361,47,2.0,0,3,3,2,0,1,0,0,0,0,2,0,1,1,0,1,2,0,1,4,4,4,3,3,4,3,3,3,3,0,0,0,0,0,0,0,0,4,0,1,2,2,2,1,1,1,1,1,1,1,1,1,1,1,2,2,1,1,1,0,0,0,0,0,0,0,0,0,1
syn_aggregate_00362,19,2.0,1,1,0,0,0,0,0,0,0,2,2,1,1,1,1,1,2,1,1,1,2,1,1,2,1,1,2,1,1,0,0,0,0,0,0,1,0,0,0,2,0,1,2,0,1,0,1,0,1,1,1,1,1,1,4,4,0,0,3,0,2,1,1,1,1,1,0,1,2
syn_aggregate_00363,21,2.0,1,2,0,0,1,1,1,1,0,2,3,2,3,2,1,2,3,1,2,1,1,1,1,1,0,0,0,0,0,0,0,0,0,0,0,0,0,0,0,0,1,1,1,1,1,0,2,2,0,4,3,0,0,0,0,0,0,0,0,1,2,2,1,2,1,1,2,1,0
syn_aggregate_00364,20,1.0,3,2,2,2,1,2,1,1,0,0,0,0,0,0,0,0,0,0,0,1,2,2,1,2,2,1,2,1,1,2,1,2,1,1,0,1,1,1,0,0,0,0,0,0,0,0,0,0,1,0,0,0,0,0,0,0,0,0,0,0,0,1,0,0,0,0,0,0,0
syn_aggregate_00365,36,2.0,2,3,1,2,3,2,3,1,2,2,1,2,1,2,1,1,2,1,1,3,3,3,3,3,3,2,3,3,2,2,2,3,2,2,1,1,2,1,1,1,1,1,1,1,2,1,2,0,0,0,0,0,1,0,0,0,0,1,0,2,2,2,2,3,2,2,1,2,2
syn_aggregate_00366,20,1.0,0,1,0,0,1,2,0,0,0,1,2,0,1,1,0,0,1,0,0,1,1,1,0,1,2,1,0,0,0,0,0,0,0,0,1,0,0,0,0,3,1,2,3,1,2,2,1,1,0,1,1,1,1,0,1,1,0,0,0,0,0,0,0,0,0,0,0,0,0
syn_aggregate_00367,22,2.0,1,2,2,1,1,1,1,0,3,0,0,0,0,0,0,0,0,1,0,2,1,1,1,1,1,2,0,1,0,0,0,0,0,0,0,0,0,1,0,1,0,0,0,0,0,0,0,1,0,0,0,1,0,0,0,0,0,0,1,0,3,2,2,2,0,0,3,3,1
syn_aggregate_00368,22,2.0,1,1,1,1,0,1,1,1,0,2,2,1,1,2,2,1,2,1,1,2,1,2,1,1,2,1,3,0,0,0,0,0,0,0,0,0,0,0,0,0,0,0,0,0,0,2,0,0,1,3,2,4,3,2,1,2,3,1,2,0,1,0,1,0,0,0,1,0,0
syn_aggregate_00369,19,2.0,0,1,0,1,0,0,0,0,0,1,2,1,1,0,1,1,1,0,0,1,0,1,0,1,1,0,0,2,0,1,2,3,1,2,1,3,2,1,1,0,0,0,0,0,0,0,0,0,0,1,2,2,1,1,2,2,0,1,1,0,1,0,0,1,0,0,1,0,0
syn_aggregate_00370,19,2.0,2,2,2,2,2,2,2,1,1,2,1,2,1,1,1,1,2,0,0,4,3,3,3,3,3,2,2,2,3,1,1,1,1,1,1,1,2,2,2,3,3,4,3,2,2,1,0,1,0,0,0,0,0,0,0,0,0,0,0,4,2,4,4,4,1,1,3,4,3
syn_aggregate_00371,19,2.0,1,2,1,1,0,0,0,0,0,1,1,0,0,0,1,1,1,0,0,2,3,2,2,3,3,2,3,1,1,1,2,1,1,2,1,1,1,2,0,1,0,0,0,0,0,0,0,0,0,0,0,0,0,0,0,0,0,0,0,1,1,0,0,1,0,0,0,0,0
syn_aggregate_00372,48,1.0,0,2,1,0,0,0,0,0,0,0,0,1,0,1,0,0,0,2,0,0,0,0,0,0,1,0,0,0,0,0,1,0,0,0,0,0,0,0,0,0,0,0,1,0,0,0,0,0,0,2,1,0,1,1,2,0,1,0,0,2,3,3,2,3,2,2,3,2,2
syn_aggregate_00373,21,2.0,1,2,1,2,0,2,1,1,0,0,0,0,0,0,0,0,0,0,1,2,2,1,3,2,1,1,2,1,1,1,2,2,2,2,1,1,3,1,1,2,2,2,3,2,3,3,3,1,2,1,1,0,0,1,1,0,0,1,0,0,1,1,1,1,0,0,1,1,0
syn_aggregate_00374,20,2.0,2,2,2,2,0,0,0,0,0,1,1,1,1,3,1,1,1,0,1,1,0,0,1,1,0,0,0,0,1,0,0,0,0,1,0,0,2,1,0,1,1,1,0,0,0,0,0,1,0,0,0,0,0,0,1,0,0,0,0,1,2,1,1,2,1,1,2,1,1
syn_aggregate_00375,48,2.0,0,2,1,1,0,1,0,0,0,1,2,0,0,0,1,0,1,2,0,2,2,1,1,1,3,2,1,1,1,0,1,0,0,0,1,0,0,1,0,2,1,1,1,0,0,0,0,0,1,2,2,2,1,2,2,1,2,1,2,0,1,2,0,1,0,0,2,1,0
syn_aggregate_00376,21,2.0,1,2,1,2,1,1,1,1,0,0,0,0,0,0,0,0,0,0,0,2,1,1,1,1,2,1,1,1,1,3,4,4,2,3,2,3,4,2,2,2,1,2,1,2,1,1,2,1,1,2,2,1,2,2,3,2,1,1,2,1,2,1,1,2,1,1,2,1,0
syn_aggregate_00377,19,2.0,1,1,0,0,0,0,0,0,0,2,2,3,2,2,2,2,3,2,2,3,3,3,2,3,3,3,2,2,3,1,2,2,2,2,2,2,2,1,0,1,0,1,0,0,1,0,1,0,1,0,0,0,0,0,1,0,0,0,0,0,1,0,1,1,0,0,2,1,1
syn_aggregate_00378,22,1.0,0,0,0,0,0,0,0,0,0,0,0,0,0,0,0,0,0,2,0,1,0,1,0,0,0,0,1,2,0,0,0,1,0,0,0,0,0,0,0,0,0,0,0,0,0,1,0,0,0,0,0,0,0,0,1,1,0,0,0,2,3,3,2,3,1,1,2,2,2
syn_aggregate_00379,28,1.0,1,2,1,1,0,0,0,0,0,0,0,0,0,0,0,1,0,0,0,0,0,0,0,0,0,0,0,0,0,0,0,0,0,0,0,0,0,0,0,0,0,0,0,0,0,0,0,0,0,0,0,0,0,0,0,1,1,1,1,0,1,0,0,0,0,0,0,0,0
syn_aggregate_00380,19,2.0,1,2,2,2,1,2,2,1,1,1,3,2,1,3,4,1,3,1,2,2,1,1,2,1,1,1,2,1,1,1,2,2,0,1,2,2,2,1,0,0,0,0,0,1,0,0,1,1,0,0,0,0,0,0,0,0,0,1,0,2,3,2,1,3,1,0,2,3,0
syn_aggregate_00381,48,1.0,2,3,2,2,1,2,2,1,2,1,2,0,1,1,1,0,1,1,0,2,1,2,1,1,2,1,2,1,0,2,2,1,1,2,2,1,1,2,1,1,0,0,1,1,1,1,0,0,0,3,2,4,2,3,2,4,1,2,2,2,1,1,3,3,2,2,1,1,1
syn_aggregate_00382,18,2.0,1,1,2,2,0,1,1,0,0,0,0,0,0,0,0,0,0,0,1,0,0,0,1,0,0,2,0,0,0,0,1,0,0,0,0,1,1,1,0,1,1,0,1,1,0,0,1,0,0,0,0,0,0,0,0,1,0,0,0,1,2,2,1,2,1,1,2,1,0
syn_aggregate_00383,20,1.0,1,2,1,2,1,2,2,1,0,0,0,0,0,0,0,1,0,0,0,3,3,3,3,3,3,4,4,4,4,2,1,2,1,2,2,1,2,1,1,0,1,1,3,1,1,1,0,0,1,4,4,3,3,3,2,2,2,2,4,3,3,2,3,3,3,2,2,3,3
syn_aggregate_00384,19,2.0,0,0,0,0,0,1,1,0,0,0,1,0,0,0,0,0,0,1,0,1,1,0,1,0,2,1,1,0,0,0,2,0,0,0,0,1,2,1,0,1,1,1,1,2,1,1,2,1,1,0,0,0,0,0,1,0,0,0,0,0,0,0,0,0,0,0,0,0,3
syn_aggregate_00385,20,2.0,1,1,0,0,0,0,0,0,0,0,0,0,0,0,0,0,0,0,0,0,1,0,0,0,0,0,1,1,0,2,1,2,1,2,3,2,3,1,0,0,0,0,0,0,1,0,1,1,0,0,0,0,0,0,0,0,1,0,0,0,0,0,0,0,0,0,0,0,0
syn_aggregate_00386,48,2.0,1,2,1,2,1,1,2,1,1,1,1,1,1,1,1,1,1,1,1,0,0,0,0,0,0,0,0,0,0,0,0,0,0,0,0,0,0,0,0,0,0,0,0,0,0,0,0,0,0,0,0,0,0,0,0,0,0,0,0,1,0,0,0,0,0,0,0,0,0
syn_aggregate_00387,20,2.0,0,2,2,1,1,0,3,0,0,0,0,1,0,1,0,0,1,0,0,0,0,0,0,0,0,0,0,0,0,2,1,2,1,2,1,2,1,0,1,0,1,0,1,0,0,0,0,1,1,1,1,1,2,1,1,1,1,1,1,2,2,1,2,3,1,1,2,1,1
syn_aggregate_00388,20,1.0,1,1,0,1,0,1,0,0,0,0,0,0,0,0,0,0,0,0,0,1,1,1,0,1,3,2,1,0,0,2,0,0,0,0,0,0,0,0,0,0,0,0,0,0,0,0,0,0,0,1,2,1,1,2,1,1,2,1,1,0,1,0,0,1,0,0,0,1,0
syn_aggregate_00389,20,1.0,0,1,0,1,0,1,0,0,1,0,0,0,0,0,1,0,1,1,0,2,2,1,1,1,2,1,2,1,1,0,0,0,0,0,0,1,0,0,0,0,1,0,0,0,0,0,0,4,0,0,0,0,0,0,0,0,1,0,0,1,2,2,1,2,1,1,2,1,1
syn_aggregate_00390,19,2.0,0,2,1,2,1,2,1,0,0,3,3,2,3,3,2,2,3,1,2,1,2,1,1,1,2,1,1,2,1,1,2,1,1,2,1,0,2,1,1,2,2,2,2,2,2,2,2,2,2,1,2,0,2,2,1,2,1,0,1,1,2,2,2,2,1,1,2,2,1
syn_aggregate_00391,20,2.0,2,3,2,2,1,2,3,1,0,1,1,1,1,1,1,0,1,1,1,2,3,2,2,2,2,1,3,2,2,1,2,2,1,1,1,1,1,1,1,4,2,3,3,2,2,1,2,2,3,3,2,1,2,2,3,1,3,2,1,2,2,2,2,2,2,1,2,2,2
syn_aggregate_00392,19,1.0,1,3,0,3,0,1,1,0,0,3,3,2,2,2,2,2,2,2,2,1,2,2,1,2,2,1,2,1,1,3,2,3,2,3,2,3,3,2,3,0,0,0,0,0,0,0,0,0,0,3,2,2,2,2,3,3,2,1,3,0,0,0,0,0,0,0,1,0,0
syn_aggregate_00393,19,2.0,0,1,0,0,0,0,0,0,0,0,0,0,0,0,0,0,0,0,0,2,1,2,1,1,2,1,2,1,1,0,1,2,0,1,2,1,2,0,1,0,0,1,0,0,1,0,1,1,1,2,1,2,1,1,3,2,1,1,0,1,1,1,0,1,0,0,1,0,0
syn_aggregate_00394,48,2.0,0,0,0,0,0,0,0,0,0,0,0,0,0,0,0,0,0,0,0,3,3,4,3,3,2,2,3,2,1,0,1,0,0,0,0,0,0,0,0,0,1,0,0,0,0,0,0,0,0,1,1,1,1,1,0,0,1,1,0,0,0,0,0,0,0,0,0,0,0
syn_aggregate_00395,20,2.0,3,3,3,3,3,3,3,2,1,1,1,1,0,1,0,1,1,1,0,4,4,4,4,4,4,4,4,4,4,3,2,4,3,2,2,2,3,3,3,4,3,4,3,4,3,3,3,4,4,4,4,3,2,2,2,3,2,1,1,3,2,4,3,2,2,3,3,4,1
syn_aggregate_00396,19,2.0,0,0,0,0,0,0,0,0,0,0,0,1,0,1,0,0,0,0,0,0,1,2,1,1,1,1,1,0,0,0,0,0,0,0,1,0,1,1,1,0,0,0,0,0,0,0,0,0,0,0,0,0,0,0,0,0,0,0,1,0,1,0,0,1,0,0,0,0,0
syn_aggregate_00397,51,2.0,1,2,1,2,1,2,1,1,0,0,0,0,0,0,0,0,1,0,0,0,0,0,0,0,0,0,0,1,0,2,2,3,2,2,1,2,2,1,1,0,1,0,1,0,1,0,1,0,1,1,2,1,2,2,1,2,1,1,2,1,3,2,1,3,1,1,2,2,1
syn_aggregate_00398,21,1.0,1,1,0,0,0,0,0,0,0,0,0,0,0,0,0,0,1,0,0,1,1,1,0,1,1,0,0,1,1,2,3,3,2,2,3,2,2,1,1,0,0,0,0,0,0,0,0,0,1,0,1,0,0,0,0,0,0,1,0,1,2,1,1,2,0,0,1,1,0
syn_aggregate_00399,21,2.0,1,1,1,1,0,0,1,0,1,0,0,0,0,0,0,0,0,0,1,1,1,2,1,1,2,1,1,0,0,0,0,1,0,0,0,0,1,0,0,2,1,1,2,1,1,1,1,1,1,0,0,0,0,0,1,0,0,0,0,0,0,0,0,0,0,0,0,0,0
syn_aggregate_00400,19,2.0,0,0,0,0,0,0,0,3,3,0,0,1,0,0,0,0,0,0,0,1,1,1,0,1,2,0,1,0,0,1,1,0,2,2,1,1,1,2,2,1,0,0,0,0,0,0,0,0,0,2,2,1,2,2,1,2,1,2,1,0,0,0,0,0,0,0,0,0,0
syn_aggregate_00401,22,2.0,1,1,1,2,1,2,1,1,0,0,0,1,0,0,0,0,0,1,0,2,3,1,1,1,2,1,2,1,1,1,2,2,1,0,0,0,1,1,1,0,0,0,0,0,0,0,0,0,0,0,0,0,0,0,1,0,0,0,0,2,2,1,1,2,1,1,2,1,1
syn_aggregate_00402,19,2.0,0,1,0,1,0,0,1,0,0,0,0,0,0,0,0,0,0,0,1,3,3,2,1,3,3,1,2,1,1,2,2,2,1,2,2,2,2,1,1,0,0,0,0,0,0,0,0,0,1,1,1,1,0,1,1,0,1,0,1,0,1,0,0,1,0,0,1,0,0
syn_aggregate_00403,19,2.0,2,2,1,2,1,2,1,1,0,0,1,0,0,0,0,0,0,0,0,0,1,0,0,0,1,0,0,1,0,1,3,3,2,2,3,1,2,2,1,0,0,0,0,1,0,0,0,0,0,2,3,3,2,3,3,2,2,2,1,0,0,0,0,1,0,0,0,0,0
syn_aggregate_00404,20,1.0,1,2,1,2,0,1,1,0,0,0,0,0,0,0,0,0,0,0,0,2,2,1,0,1,2,1,1,1,1,0,0,1,1,1,0,0,1,0,0,0,0,0,0,0,0,0,0,0,0,0,0,0,0,0,0,0,0,0,0,0,0,0,1,1,0,0,1,1,0
syn_aggregate_00405,19,2.0,1,0,0,0,0,0,0,0,0,0,0,0,0,0,0,0,1,0,0,0,0,0,0,0,0,0,0,0,0,1,1,2,1,1,1,1,2,1,1,0,0,0,0,0,0,0,0,0,0,0,0,0,0,0,0,0,0,0,0,1,2,1,1,2,0,0,1,0,0
syn_aggregate_00406,19,1.0,0,1,0,0,0,0,0,0,0,0,0,0,0,0,0,0,0,0,0,1,1,1,1,1,1,0,0,0,0,1,2,2,2,2,2,1,2,1,1,2,3,3,1,2,2,1,2,1,2,0,0,1,0,0,1,1,0,0,0,1,1,1,1,1,1,1,1,1,1
syn_aggregate_00407,19,2.0,1,2,0,1,0,1,0,0,0,0,0,0,0,0,0,0,0,3,2,0,0,0,0,0,0,0,0,0,0,0,0,0,0,0,0,0,0,0,0,0,0,0,0,0,0,0,0,0,0,0,0,0,0,0,0,0,0,0,0,0,0,0,0,0,0,0,0,0,0
syn_aggregate_00408,20,2.0,0,0,0,0,0,0,0,0,0,0,0,0,0,0,0,0,0,0,0,0,0,0,0,0,0,0,0,0,0,0,0,0,0,0,0,0,0,0,0,0,0,0,0,0,0,0,0,0,0,0,0,1,1,0,0,0,0,0,0,1,0,1,1,0,0,0,1,0,0
syn_aggregate_00409,20,2.0,1,3,2,2,1,1,1,2,0,0,0,0,0,0,0,0,0,0,1,2,1,2,1,0,2,1,2,0,1,3,1,2,1,2,1,2,1,2,1,1,2,1,2,1,0,0,1,1,0,1,2,2,1,2,1,1,0,0,0,1,1,2,1,1,0,0,0,0,0
syn_aggregate_00410,20,2.0,2,3,2,3,2,2,3,2,1,0,1,0,1,1,0,0,1,1,0,2,1,2,1,0,3,2,2,1,3,4,3,3,3,2,3,3,2,2,3,3,1,2,2,1,1,1,1,1,1,1,1,2,1,1,2,1,1,1,1,2,2,2,2,2,1,0,2,2,2
syn_aggregate_00411,20,2.0,1,2,2,3,2,1,3,1,0,4,2,3,3,1,2,4,2,2,1,2,1,2,1,1,1,0,1,1,1,0,1,1,2,1,1,1,1,1,1,0,0,0,1,0,0,0,0,0,0,1,1,2,1,1,2,1,1,1,0,2,2,1,2,2,1,1,2,2,1
syn_aggregate_00412,18,2.0,0,1,0,1,0,1,0,0,0,2,3,2,1,3,2,1,2,0,2,0,0,0,0,0,0,0,0,0,1,2,2,2,1,2,1,1,2,1,0,2,1,1,0,1,0,0,0,1,0,1,0,0,0,1,1,0,0,0,1,1,2,1,2,2,1,1,2,1,0
syn_aggregate_00413,19,2.0,1,2,2,2,2,2,1,1,0,0,0,0,0,0,0,0,0,0,1,1,1,1,1,1,0,1,1,0,1,1,2,2,2,2,2,1,1,1,0,0,0,0,0,0,0,0,0,0,0,3,2,3,2,2,4,3,1,0,3,0,0,0,1,1,0,0,0,0,0
syn_aggregate_00414,20,2.0,2,1,2,2,1,1,2,1,1,0,1,1,0,1,0,0,1,0,0,3,2,2,3,2,2,2,3,2,2,2,2,3,2,2,1,1,3,2,1,3,2,2,2,2,0,0,1,1,0,0,0,0,0,0,0,0,0,0,1,1,2,2,1,2,2,1,2,2,0
syn_aggregate_00415,35,2.0,0,1,0,0,0,0,0,0,0,0,0,0,0,0,0,0,0,0,0,2,2,2,1,2,2,1,2,1,1,1,0,0,0,0,0,0,0,0,0,0,0,0,0,1,0,0,0,0,0,0,1,1,0,1,0,0,0,0,0,1,3,2,2,3,1,1,3,2,1
syn_aggregate_00416,19,2.0,1,2,1,3,1,2,2,1,0,2,2,2,2,2,1,0,3,1,0,4,4,4,4,4,4,4,3,3,3,2,2,2,1,2,2,2,1,2,0,1,0,0,0,0,0,0,0,0,0,3,2,4,1,2,1,0,1,1,1,2,1,1,1,2,1,1,2,2,1
syn_aggregate_00417,23,1.0,2,1,0,0,0,0,0,0,0,0,0,0,0,0,0,0,1,0,0,4,3,3,3,2,4,4,4,2,1,0,0,1,0,0,1,1,0,0,0,2,1,1,4,2,1,0,1,2,0,0,0,0,0,0,0,0,0,0,0,0,1,0,0,0,0,0,1,0,0
syn_aggregate_00418,20,2.0,2,2,2,1,1,1,1,0,0,0,0,0,0,0,0,0,0,0,0,2,2,2,2,1,0,0,0,1,0,3,3,2,4,4,2,2,4,2,1,0,0,0,0,0,0,0,0,0,0,0,0,0,0,0,1,1,1,0,0,1,2,1,2,2,1,1,2,1,1
syn_aggregate_00419,,2.0,0,0,0,1,0,0,0,0,0,0,0,1,0,1,0,0,1,4,0,2,4,3,2,1,4,3,2,1,2,2,3,3,2,2,3,4,4,1,1,1,2,2,1,2,2,1,1,2,1,0,0,1,1,2,0,1,0,1,3,0,0,0,1,1,1,1,1,0,0
syn_aggregate_00420,26,2.0,2,2,1,1,1,1,0,0,0,1,1,0,0,0,0,0,1,1,0,0,0,0,0,0,0,0,0,0,0,0,3,1,1,2,3,0,2,0,2,0,0,0,0,0,0,0,0,0,1,0,0,0,0,0,1,0,0,0,0,1,0,0,0,1,1,0,1,1,0
syn_aggregate_00421,19,2.0,1,2,3,1,0,2,1,0,0,0,0,1,0,0,0,0,4,0,4,3,2,2,3,2,3,4,3,1,1,1,1,1,0,1,1,1,1,0,2,0,0,0,1,0,0,0,0,0,0,0,0,0,1,1,1,0,0,1,0,1,1,1,1,1,2,2,1,1,1
syn_aggregate_00422,20,2.0,0,1,0,1,0,0,0,0,0,0,0,0,0,1,0,0,0,0,0,0,0,0,0,0,0,0,0,0,0,1,3,3,2,2,2,1,3,0,1,1,0,1,0,0,0,0,0,0,0,0,1,0,0,0,1,0,0,1,1,2,3,2,2,3,2,2,3,3,2
syn_aggregate_00423,22,2.0,0,0,1,1,1,0,0,0,0,1,0,2,1,2,1,1,1,0,0,1,3,2,3,2,3,3,2,2,2,2,3,2,2,2,2,2,3,2,2,1,1,0,1,1,0,0,0,1,0,4,4,3,4,4,4,4,4,4,3,1,2,1,2,3,0,1,0,2,0
syn_aggregate_00424,19,2.0,1,1,1,1,0,0,1,0,0,0,0,0,1,0,0,0,0,0,0,1,1,0,0,0,1,1,0,0,0,1,2,1,1,0,1,2,1,1,0,0,1,0,1,1,0,0,1,2,0,0,0,1,0,0,0,0,0,0,0,0,2,1,1,2,0,0,1,1,0
syn_aggregate_00425,19,2.0,0,2,0,0,0,0,0,0,0,0,0,0,0,0,0,0,0,0,0,1,0,0,0,0,1,0,0,0,0,2,2,1,1,1,2,2,1,0,0,0,1,0,0,1,0,0,0,0,0,0,1,0,0,0,1,0,0,0,0,1,1,1,1,1,0,0,2,1,1
syn_aggregate_00426,51,2.0,1,3,2,3,2,2,1,3,2,1,2,1,1,1,2,1,1,1,2,0,0,0,0,1,0,0,0,0,0,2,2,3,1,2,2,1,3,1,2,2,1,2,3,2,1,1,1,1,2,1,2,1,2,1,1,2,2,1,2,2,2,2,3,2,2,1,2,3,2
syn_aggregate_00427,19,1.0,0,0,0,0,0,1,0,0,0,0,0,0,0,0,0,0,0,0,0,1,1,1,0,0,1,0,0,0,0,1,2,2,1,2,1,1,3,2,0,0,0,0,0,0,0,0,0,0,0,0,0,0,0,0,0,0,0,0,0,1,1,1,1,1,1,0,1,1,0
syn_aggregate_00428,19,1.0,3,3,3,2,3,3,3,2,2,1,1,2,1,1,1,1,1,1,1,1,1,0,1,1,2,1,1,0,1,3,2,3,2,3,2,3,2,3,2,2,1,2,1,2,1,1,1,1,1,1,0,1,0,0,1,1,0,1,0,3,2,2,3,3,2,2,2,2,2
syn_aggregate_00429,20,2.0,1,2,1,2,1,2,1,0,2,4,4,4,4,3,4,3,3,2,3,0,1,1,1,1,0,0,1,1,0,2,2,2,0,1,2,1,2,1,0,1,2,1,2,3,2,1,1,2,2,2,2,2,1,1,1,2,0,0,1,2,2,2,2,2,2,2,2,4,4
syn_aggregate_00430,20,1.0,2,3,2,2,1,2,2,1,2,1,1,1,1,0,1,0,1,2,1,1,2,1,1,1,2,0,1,1,0,1,2,2,1,1,1,1,1,2,1,0,2,0,1,1,2,1,2,1,1,2,2,2,2,1,3,3,2,1,2,2,2,2,1,2,1,1,1,1,2
syn_aggregate_00431,19,2.0,0,0,0,0,0,0,0,0,0,1,2,1,0,1,0,0,2,0,0,3,2,2,2,2,1,1,1,1,0,0,1,0,0,0,1,0,0,1,0,1,0,0,1,0,1,0,0,0,0,1,1,1,0,0,2,2,1,1,1,1,2,1,1,2,1,1,1,1,1
syn_aggregate_00432,19,1.0,2,2,2,0,0,1,1,0,0,1,1,1,2,1,2,2,2,1,1,2,2,1,2,1,2,1,2,1,2,0,1,1,0,0,0,1,1,1,0,4,3,2,2,2,3,2,1,1,1,2,2,2,2,2,1,1,1,1,1,4,4,4,4,4,4,3,4,3,4
syn_aggregate_00433,28,2.0,1,2,2,1,0,2,1,0,0,0,0,1,0,1,1,0,0,1,0,3,3,4,2,2,3,2,3,2,3,0,1,2,1,0,0,0,0,0,0,0,0,0,0,0,0,0,0,0,0,2,2,3,3,3,4,4,3,3,2,1,2,0,0,1,0,0,1,0,0
syn_aggregate_00434,39,2.0,1,2,2,2,1,2,1,0,1,0,0,1,1,1,0,1,0,1,0,2,1,2,1,1,3,1,1,0,1,3,3,2,2,2,2,2,3,2,2,3,3,3,3,3,2,2,2,2,2,0,0,1,0,0,1,0,0,1,0,1,2,1,1,2,0,1,2,1,1
syn_aggregate_00435,20,2.0,1,2,1,2,0,1,1,0,1,0,1,0,0,0,0,0,1,0,0,1,1,1,0,0,1,0,0,0,0,3,2,2,2,2,1,2,3,2,1,0,1,0,1,1,0,0,1,0,1,1,1,1,1,1,3,3,2,0,1,1,2,1,1,2,0,0,1,1,0
syn_aggregate_00436,19,2.0,0,0,1,0,0,0,0,0,0,2,2,1,1,0,0,0,0,0,0,1,1,1,0,0,0,0,0,1,0,0,0,0,0,0,1,0,1,0,0,1,1,1,0,0,0,0,1,1,0,2,2,2,2,2,2,2,2,2,2,0,0,0,0,0,0,0,0,0,0
syn_aggregate_00437,20,2.0,0,0,0,0,0,0,0,0,0,0,0,0,0,0,0,0,0,0,0,0,0,0,0,0,0,0,0,0,0,0,0,0,0,0,0,0,0,0,0,0,0,0,0,0,0,0,0,0,0,0,0,0,0,0,0,0,0,0,0,0,0,0,0,0,0,0,0,0,0
syn_aggregate_00438,21,1.0,1,2,1,2,1,2,1,1,0,1,1,2,0,2,1,1,1,0,0,0,0,0,0,0,0,0,0,0,0,3,3,3,2,2,2,2,2,1,1,1,0,1,0,1,0,0,1,0,0,0,0,0,0,0,1,0,0,0,0,0,0,0,0,0,0,0,0,0,1
syn_aggregate_00439,20,2.0,2,3,3,3,2,2,2,1,1,0,1,0,0,0,0,0,1,0,0,1,2,1,1,1,3,2,1,1,0,2,1,2,2,2,2,1,1,1,2,0,0,0,0,0,0,0,0,0,0,0,0,0,0,0,2,0,0,0,0,3,2,3,3,3,1,2,2,3,1
syn_aggregate_00440,33,1.0,2,2,1,2,1,3,1,2,0,2,1,1,1,2,1,1,1,0,1,4,4,4,4,4,4,3,3,3,2,1,2,1,1,2,3,1,1,3,1,0,0,0,0,0,0,0,1,1,1,1,2,0,1,1,2,2,1,2,1,0,1,1,1,1,0,0,2,1,0
syn_aggregate_00441,36,2.0,1,2,1,2,1,1,2,1,1,3,2,3,2,2,2,2,3,2,1,1,1,1,0,0,2,1,1,0,0,1,2,2,1,2,2,2,2,2,1,0,1,0,0,0,0,1,2,0,1,1,2,1,1,1,2,2,1,1,1,0,0,0,0,0,0,0,0,0,0
syn_aggregate_00442,45,2.0,1,1,0,0,0,0,0,0,0,0,0,0,0,0,0,0,0,0,0,2,2,2,1,1,2,1,1,0,0,4,3,4,4,4,2,4,4,3,4,0,0,0,0,0,0,0,1,0,0,0,0,0,0,0,0,0,0,0,0,0,1,0,1,0,0,0,0,0,0
syn_aggregate_00443,20,2.0,2,3,2,2,1,1,2,1,0,0,0,1,0,0,0,0,1,4,1,1,1,1,1,1,2,1,1,0,0,1,2,1,1,1,1,2,2,1,1,0,0,0,0,0,0,0,0,0,1,0,0,0,0,0,0,0,0,1,0,0,2,2,1,1,0,0,2,1,0
syn_aggregate_00444,47,1.0,2,3,2,2,1,2,2,0,1,0,1,0,0,0,0,0,1,0,0,0,0,0,1,0,1,0,0,0,0,3,3,2,2,2,0,1,3,1,1,1,2,1,1,1,0,0,1,2,2,1,2,1,0,1,1,0,0,1,2,0,4,2,0,3,0,0,2,1,1
syn_aggregate_00445,19,2.0,1,1,0,1,0,0,0,0,0,1,1,1,0,0,1,1,0,1,0,2,1,3,1,2,4,1,2,0,1,0,0,0,0,0,0,0,1,0,0,0,1,0,0,1,0,0,1,0,0,0,0,0,0,0,0,0,0,0,0,1,2,0,1,2,0,0,2,1,0
syn_aggregate_00446,21,2.0,1,2,1,2,1,2,1,1,0,0,0,0,0,0,0,0,0,0,1,1,2,1,1,2,1,2,2,3,2,1,2,1,2,1,2,2,2,1,1,4,3,4,3,3,4,2,3,3,2,3,3,3,3,3,2,2,2,2,3,1,1,1,1,1,0,0,1,0,0
syn_aggregate_00447,49,1.0,2,2,1,2,1,1,1,0,1,0,0,0,0,0,1,1,1,1,0,3,2,2,2,2,2,2,2,1,1,1,2,2,1,1,2,2,2,1,0,2,2,1,2,1,2,1,2,0,1,0,0,0,0,0,0,0,0,0,0,1,2,2,2,2,1,1,2,1,1
syn_aggregate_00448,18,1.0,2,1,2,1,1,1,1,1,0,2,2,1,1,1,1,1,1,2,1,2,2,1,1,1,1,0,2,1,0,2,3,3,1,2,1,0,1,0,0,0,0,0,1,0,0,0,0,0,0,1,1,0,0,0,1,1,0,1,0,1,2,1,1,2,0,0,1,1,1
syn_aggregate_00449,36,2.0,1,2,0,2,1,1,0,0,1,0,0,1,0,0,0,0,1,1,0,1,1,1,1,1,2,1,1,0,0,1,1,1,1,0,1,1,1,1,0,0,0,0,0,0,0,0,0,1,1,0,0,0,0,0,0,0,0,0,0,0,0,0,0,0,0,0,1,0,0
syn_aggregate_00450,22,1.0,1,0,0,0,0,0,0,0,0,1,1,0,0,2,0,0,1,0,0,0,0,0,0,0,0,0,1,0,0,0,1,0,0,0,0,0,0,0,0,2,1,1,2,1,1,0,0,1,0,1,0,0,0,0,1,0,0,0,0,0,0,0,0,0,2,0,1,1,1
syn_aggregate_00451,19,2.0,0,2,1,2,1,1,2,1,3,1,2,1,1,1,0,1,2,1,1,1,3,2,2,2,1,1,3,2,1,2,1,2,1,1,2,1,2,1,1,0,2,1,0,1,0,1,0,1,0,2,2,2,1,1,1,1,1,0,1,1,1,1,1,1,1,1,1,1,1
syn_aggregate_00452,33,2.0,1,2,1,1,0,0,1,0,0,4,1,4,1,4,1,4,1,4,2,0,0,0,0,0,1,0,0,0,0,2,2,1,1,1,2,1,2,2,0,0,1,0,0,0,0,0,0,0,0,1,0,1,1,0,0,1,0,0,2,0,0,1,1,3,1,0,1,1,0
syn_aggregate_00453,19,2.0,1,2,2,1,1,0,1,0,0,0,0,0,0,0,0,0,1,0,0,1,2,1,3,1,2,0,0,1,0,1,2,1,2,1,0,1,2,1,1,3,4,3,4,3,2,3,3,2,3,2,2,2,3,3,3,3,2,1,2,1,2,1,2,2,1,1,2,2,1
syn_aggregate_00454,21,1.0,1,2,1,1,0,1,1,0,0,0,0,0,0,0,0,0,0,0,1,1,1,1,0,0,2,0,1,1,0,1,2,3,2,2,2,1,3,1,0,1,1,1,0,0,0,0,0,0,0,1,1,1,1,1,1,1,1,1,1,0,0,0,0,0,0,0,0,0,0
syn_aggregate_00455,21,2.0,2,2,2,2,1,1,1,0,0,1,1,0,1,1,1,1,0,1,0,0,0,0,0,0,1,1,1,0,0,0,0,0,1,0,0,0,0,0,0,0,0,0,0,0,0,0,0,0,0,0,0,0,0,0,0,0,0,0,0,1,2,1,2,2,1,1,2,1,1
syn_aggregate_00456,19,2.0,1,2,0,0,0,0,0,0,0,1,2,1,0,1,1,0,1,1,0,3,4,2,3,3,4,3,3,2,3,0,1,1,1,1,0,0,1,0,0,0,0,0,0,0,1,0,0,1,0,3,3,2,3,3,4,4,2,2,4,0,0,0,0,1,0,0,0,0,0
syn_aggregate_00457,18,1.0,1,2,1,2,0,1,1,0,0,1,1,0,0,0,0,0,0,0,0,2,2,2,1,1,2,1,1,1,1,0,0,1,1,0,0,0,0,0,0,0,0,0,0,0,0,0,0,0,0,0,0,0,0,0,0,0,0,1,0,0,0,0,1,0,0,0,1,0,0
syn_aggregate_00458,22,2.0,1,1,0,1,0,1,0,0,0,0,0,0,0,0,0,0,0,0,0,0,0,0,0,0,0,0,0,0,1,0,0,0,0,0,0,0,0,0,0,1,0,0,1,0,0,0,0,0,0,0,0,0,0,0,1,0,0,0,0,1,1,1,1,1,0,0,0,0,0
syn_aggregate_00459,19,2.0,2,2,2,3,2,2,3,2,0,0,0,0,0,0,1,0,0,0,0,1,1,0,1,1,0,1,1,0,0,1,2,2,1,2,2,3,2,1,1,0,0,0,1,0,0,0,0,0,0,0,1,1,1,1,0,1,1,0,1,2,1,2,1,1,0,0,1,1,0
syn_aggregate_00460,19,2.0,1,3,2,3,2,2,2,1,0,0,0,0,1,1,0,0,0,1,0,2,2,1,1,1,1,1,1,1,1,2,2,3,1,2,2,2,3,1,1,0,0,0,0,0,0,0,0,0,1,1,0,1,0,0,0,0,1,0,0,0,1,1,1,2,0,1,1,0,0
syn_aggregate_00461,46,2.0,0,1,0,1,1,1,0,0,0,1,1,1,0,0,2,0,1,0,0,0,1,0,0,0,2,0,2,0,0,0,0,1,0,0,0,0,0,0,0,1,0,0,1,0,0,0,0,0,0,0,0,0,0,0,0,0,0,0,1,2,2,1,1,2,0,0,1,0,0
syn_aggregate_00462,22,1.0,1,3,2,3,0,0,1,1,0,0,1,0,0,0,0,0,0,0,0,1,1,0,0,0,1,0,0,0,0,0,0,0,0,0,0,0,0,0,0,0,0,0,0,0,0,0,0,0,0,1,2,2,1,1,3,3,2,1,1,0,0,0,0,0,0,0,1,0,0
syn_aggregate_00463,44,2.0,1,2,1,2,0,0,1,0,0,0,1,0,0,0,0,0,0,0,1,2,2,2,1,1,2,1,2,1,0,0,1,0,0,0,1,0,0,0,0,0,1,0,0,2,0,0,0,1,1,2,2,1,2,1,2,2,1,0,2,0,0,0,0,0,0,0,1,0,0
syn_aggregate_00464,18,2.0,1,2,1,2,1,1,2,1,0,1,1,1,1,1,1,1,1,1,1,3,3,2,4,2,4,2,2,1,2,0,1,1,2,1,1,2,1,1,1,3,3,3,2,2,3,2,2,1,2,2,2,2,1,1,1,1,2,1,1,1,2,1,1,2,1,2,1,1,1
syn_aggregate_00465,35,2.0,0,2,2,1,1,2,1,0,1,4,4,4,4,4,4,4,4,3,2,1,0,0,0,0,1,0,0,0,0,0,1,0,0,0,0,1,0,0,0,3,2,2,2,1,3,2,2,1,1,3,4,2,1,2,4,3,1,2,3,1,1,0,0,1,0,0,2,1,2
syn_aggregate_00466,21,2.0,1,0,0,0,0,1,0,0,0,0,0,0,0,0,0,0,0,0,1,0,0,0,0,0,0,0,0,0,0,0,0,0,0,0,0,0,0,0,0,0,0,1,0,0,0,0,0,0,0,0,0,0,0,0,1,0,0,0,0,0,0,0,0,0,0,0,0,0,0
syn_aggregate_00467,39,1.0,0,0,0,0,0,1,0,0,0,0,0,1,0,0,0,0,1,1,0,1,2,1,2,1,1,0,1,0,1,0,0,1,0,0,0,0,0,0,0,2,2,3,2,1,2,1,2,1,1,2,2,2,2,2,3,3,2,2,2,0,1,1,0,1,1,0,1,0,1
syn_aggregate_00468,19,1.0,0,1,0,0,0,0,0,0,0,0,1,1,0,1,0,0,1,0,0,3,3,2,3,2,2,3,2,3,2,1,1,1,1,1,1,0,1,1,1,0,4,1,0,0,4,0,0,0,0,0,0,0,0,0,0,1,0,0,0,0,0,0,0,0,0,0,0,0,0
syn_aggregate_00469,22,1.0,1,2,0,1,0,0,0,0,0,0,0,0,0,0,0,0,0,0,0,3,3,3,3,3,3,2,2,2,3,1,0,1,1,0,2,1,1,1,1,0,0,1,2,1,0,1,0,1,1,3,2,3,1,2,3,2,2,1,1,1,2,1,1,1,0,1,2,1,2
syn_aggregate_00470,20,2.0,2,3,1,2,1,3,2,1,0,0,0,1,1,1,0,0,2,1,1,0,0,0,1,0,1,1,0,2,1,1,1,0,2,2,1,0,2,1,1,2,2,2,2,2,2,2,2,2,2,2,2,2,1,1,2,2,1,0,0,1,1,1,1,1,2,1,2,1,1
syn_aggregate_00471,30,2.0,1,2,1,1,0,0,0,0,0,1,1,2,1,1,1,1,1,1,1,0,0,0,0,0,0,0,0,1,0,1,1,1,0,0,0,0,0,0,0,2,1,2,1,1,0,0,1,1,0,3,3,3,3,3,2,3,3,3,2,2,2,2,1,3,1,1,2,1,1
syn_aggregate_00472,22,1.0,2,2,1,1,0,3,0,0,0,0,0,0,0,0,0,1,0,0,0,2,2,3,2,2,3,2,2,2,2,1,0,2,1,2,1,0,2,1,0,0,0,0,0,0,0,0,0,0,0,4,4,3,2,2,3,3,3,3,2,0,1,1,0,2,1,0,2,1,1
syn_aggregate_00473,20,2.0,0,3,0,2,0,2,1,0,0,1,0,0,0,0,0,0,0,0,0,3,2,3,2,3,3,2,3,2,2,1,0,0,0,0,2,0,0,0,0,0,0,1,1,0,1,0,1,0,1,1,1,2,1,1,0,1,1,1,2,1,2,1,1,2,0,0,1,1,0
syn_aggregate_00474,33,2.0,0,2,2,2,1,1,1,0,1,0,1,1,1,1,1,0,1,1,1,4,4,3,4,3,3,3,4,2,4,1,2,1,1,2,1,2,1,1,0,1,1,0,0,0,0,0,0,0,0,1,0,1,0,1,1,1,0,1,0,0,1,1,0,2,0,0,1,0,1
syn_aggregate_00475,20,2.0,0,0,0,0,0,0,1,0,0,1,1,0,1,0,0,1,1,0,0,0,0,0,0,0,0,1,0,0,0,1,1,1,0,0,1,0,1,0,0,3,3,3,3,3,1,1,1,2,1,0,0,0,0,0,0,0,0,0,1,2,3,2,2,3,1,1,2,2,1
syn_aggregate_00476,26,2.0,1,3,2,2,1,2,1,1,0,0,0,0,1,0,1,1,0,0,0,4,2,1,2,3,1,0,2,1,0,2,2,1,2,1,1,1,2,1,1,2,1,1,1,1,1,1,1,1,1,0,1,0,0,1,1,0,0,1,0,2,2,2,3,3,2,2,3,2,2
syn_aggregate_00477,18,1.0,0,1,0,1,0,0,0,0,1,1,1,1,1,1,0,0,0,1,1,0,0,0,0,0,0,0,0,0,1,0,0,0,0,0,0,0,0,0,0,0,1,1,1,0,0,0,1,0,0,0,0,0,0,0,0,0,0,0,1,0,1,0,0,2,3,1,1,2,1
syn_aggregate_00478,38,2.0,2,2,1,2,1,1,1,1,2,1,1,1,1,1,1,1,1,1,1,2,1,0,1,1,1,0,1,1,0,0,0,0,1,1,0,0,1,1,0,2,2,2,3,1,2,1,2,1,4,3,3,3,3,3,3,1,3,0,4,2,2,1,2,3,1,0,2,1,0
syn_aggregate_00479,19,2.0,0,1,0,0,0,1,0,0,0,1,1,0,0,0,1,0,1,0,0,1,2,1,2,1,2,1,2,1,1,0,0,0,0,0,0,0,1,0,0,0,0,0,0,0,0,0,0,0,0,1,2,1,1,1,1,2,1,1,1,1,1,1,0,1,0,0,1,0,0
syn_aggregate_00480,21,1.0,1,2,1,2,0,1,1,0,0,0,0,0,0,0,0,0,0,0,0,1,2,1,0,1,2,1,2,1,0,0,0,0,0,0,0,0,0,0,0,0,0,0,0,0,0,0,0,1,0,0,0,0,0,0,0,1,0,0,0,0,0,0,0,1,0,0,0,0,0
syn_aggregate_00481,21,2.0,2,2,1,2,0,1,1,0,0,0,0,0,0,0,1,0,0,0,0,2,2,1,1,2,1,1,1,2,1,2,1,1,2,1,1,2,1,1,1,2,1,2,1,1,1,1,0,1,1,1,2,1,2,1,2,1,1,0,2,2,2,1,2,2,1,1,2,1,1
syn_aggregate_00482,22,2.0,2,3,1,3,1,2,2,1,0,0,0,0,0,0,0,0,0,0,0,4,2,3,3,1,4,3,2,1,3,2,3,4,1,2,0,0,2,1,0,4,3,3,4,2,2,1,2,2,2,1,2,1,0,0,1,1,0,0,0,1,2,1,2,3,1,0,2,2,0
syn_aggregate_00483,22,2.0,0,0,0,0,0,0,0,0,0,1,0,2,0,0,0,0,0,1,1,4,4,3,3,2,3,2,1,2,2,0,0,0,0,0,0,0,1,0,0,1,1,2,1,1,2,1,1,1,1,0,0,1,0,0,0,0,0,0,3,0,0,0,0,0,0,0,0,0,4
syn_aggregate_00484,18,2.0,2,2,2,2,1,1,1,0,0,1,2,2,1,2,1,1,2,1,1,1,1,1,1,1,2,0,0,0,0,1,2,1,2,1,2,0,2,2,0,2,0,0,1,0,0,0,0,0,0,2,2,1,1,1,3,1,1,1,1,1,1,1,1,2,1,1,1,1,1
syn_aggregate_00485,20,2.0,0,0,0,1,0,0,0,0,0,1,2,1,1,1,0,1,2,2,1,1,2,0,0,0,0,0,1,0,1,0,0,1,0,0,0,0,1,0,0,0,0,0,0,0,0,0,0,0,0,0,1,0,0,1,0,0,0,1,0,2,1,1,0,2,0,0,1,1,0
syn_aggregate_00486,45,2.0,1,2,1,2,1,2,2,0,0,2,2,2,1,2,0,0,1,0,1,2,2,1,1,1,1,1,2,1,0,2,3,2,1,2,3,1,2,2,1,0,0,0,1,0,0,0,1,0,0,0,0,0,0,0,1,1,1,0,1,2,3,3,2,4,3,2,3,2,2
syn_aggregate_00487,20,1.0,1,1,0,1,0,0,0,0,0,0,1,0,0,0,0,0,0,0,0,0,0,0,0,0,0,0,0,0,0,0,1,0,0,0,1,0,0,1,0,0,0,0,0,1,0,0,0,0,0,0,0,0,0,0,1,1,1,0,0,0,0,0,0,0,0,0,0,0,0
syn_aggregate_00488,18,2.0,2,3,2,2,1,2,1,0,2,0,0,0,0,0,0,0,1,0,0,2,2,2,1,2,1,1,2,1,1,1,1,1,1,1,0,0,1,2,1,0,0,1,0,1,0,1,1,0,0,1,1,1,1,1,1,0,0,0,1,0,1,0,0,1,0,0,0,1,1
syn_aggregate_00489,20,1.0,2,3,2,3,1,2,1,1,0,0,0,0,0,0,0,0,1,0,0,1,1,2,1,1,2,1,1,1,1,1,2,2,1,2,2,1,2,1,2,1,1,1,2,1,1,1,1,1,0,1,2,1,1,2,1,2,1,2,1,1,1,1,1,2,0,0,0,1,1
syn_aggregate_00490,20,1.0,1,2,0,1,0,1,1,0,0,2,2,1,1,1,2,0,0,0,0,4,4,3,4,4,4,4,3,3,4,2,2,3,3,1,3,1,1,2,1,2,2,2,1,1,0,1,1,1,2,1,2,1,1,2,1,1,1,2,1,1,2,1,2,2,1,1,2,1,0
syn_aggregate_00491,19,2.0,2,2,1,1,1,1,2,0,0,1,2,2,1,2,2,1,2,1,1,1,2,1,1,1,0,0,0,1,2,2,2,3,1,3,1,2,2,1,0,0,0,0,0,0,0,0,0,0,0,0,0,0,0,0,1,1,1,0,0,0,2,3,1,2,1,1,2,2,0
syn_aggregate_00492,21,2.0,0,2,0,1,0,1,0,0,0,0,0,0,0,1,0,0,1,0,1,1,1,1,1,1,1,1,0,0,0,1,0,1,0,1,0,1,0,1,0,1,1,1,1,0,0,0,0,1,0,0,0,0,0,0,1,0,0,0,0,0,0,0,0,0,0,0,0,0,0
syn_aggregate_00493,20,2.0,2,2,3,2,1,2,2,1,1,2,1,1,1,1,2,0,1,0,2,3,3,2,2,2,3,1,3,2,2,2,1,2,1,1,2,1,2,1,1,0,0,0,1,0,0,0,0,0,0,2,2,1,1,2,2,0,1,1,1,1,3,3,2,3,2,2,4,2,2
syn_aggregate_00494,29,1.0,0,3,3,3,3,3,3,1,3,2,2,2,1,2,1,2,1,2,1,0,0,0,0,0,0,0,0,0,0,3,2,4,4,3,4,3,3,4,1,2,3,1,2,2,1,1,1,1,2,1,1,1,1,1,3,3,2,0,2,1,2,2,2,2,3,2,3,2,2
syn_aggregate_00495,18,2.0,1,2,1,2,1,1,1,0,2,1,2,1,1,1,0,1,2,0,1,1,2,1,1,1,2,1,2,1,1,1,1,1,1,1,1,0,1,0,0,1,1,1,0,0,0,0,0,0,0,2,2,1,2,2,4,3,1,0,1,2,2,2,1,2,1,1,1,1,1
syn_aggregate_00496,19,1.0,1,3,2,2,1,1,0,0,0,0,0,0,1,0,0,2,0,1,0,2,2,1,1,2,1,2,1,1,1,0,0,0,1,0,0,0,0,0,0,1,0,1,2,1,1,0,1,1,0,0,0,1,0,1,1,0,1,0,1,0,1,1,1,1,0,0,1,0,0
syn_aggregate_00497,22,2.0,2,3,2,3,1,2,2,1,1,0,1,1,0,1,2,2,3,2,2,4,4,4,4,3,4,4,4,2,2,2,3,3,4,3,4,4,4,2,3,0,1,0,1,0,1,1,1,0,0,2,2,2,1,1,2,2,1,1,0,0,0,0,1,1,0,1,0,1,1
syn_aggregate_00498,19,2.0,1,2,1,2,0,1,0,0,0,0,0,0,0,0,0,0,0,0,0,1,2,1,2,2,3,2,2,1,2,1,2,2,1,2,2,1,2,1,1,0,0,0,0,0,0,0,0,0,0,0,0,0,0,0,1,1,1,0,0,1,2,1,2,2,2,1,1,2,1
syn_aggregate_00499,41,2.0,2,3,2,1,1,2,1,1,1,0,0,0,0,0,0,0,0,0,0,0,0,1,0,0,0,0,1,0,0,1,0,0,1,0,0,1,1,0,0,0,0,0,0,0,0,0,0,0,0,0,0,0,0,0,0,0,0,0,0,1,1,1,1,1,1,1,1,1,1
syn_aggregate_00500,18,2.0,3,3,0,3,2,1,2,0,1,0,0,0,0,0,0,0,0,1,0,0,1,1,1,1,2,3,0,0,1,2,3,2,2,2,3,2,3,1,2,2,1,1,1,0,0,0,0,2,0,1,0,1,0,1,1,1,0,1,0,1,4,2,3,2,4,3,4,2,2
syn_aggregate_00501,20,2.0,0,0,0,0,0,0,0,0,0,1,2,1,1,1,2,1,2,1,1,1,2,1,0,1,2,0,1,0,0,0,1,0,0,0,0,1,0,1,0,0,0,0,0,1,0,0,0,0,0,0,0,0,0,0,0,0,0,0,0,0,1,0,0,0,0,0,0,0,0
syn_aggregate_00502,20,2.0,1,2,1,1,1,2,0,1,0,0,1,1,1,0,2,2,0,0,0,1,2,1,2,1,2,1,2,1,2,2,2,2,2,2,3,1,3,2,2,2,1,2,2,2,1,1,1,1,1,3,2,3,2,2,3,2,2,2,2,1,1,1,1,2,1,1,1,1,1
syn_aggregate_00503,47,2.0,1,2,1,1,0,0,0,0,0,0,0,0,0,0,1,0,0,1,0,2,2,2,1,2,2,1,1,2,1,1,2,2,1,2,1,1,1,1,1,1,1,0,1,1,0,0,0,1,0,1,1,1,1,2,2,1,2,1,1,0,0,0,0,0,0,0,0,0,0
syn_aggregate_00504,22,1.0,2,3,2,2,1,1,1,0,0,1,2,1,1,1,1,1,0,1,1,1,2,1,1,2,2,1,2,1,1,0,0,1,0,1,0,0,1,0,0,0,0,0,1,0,0,0,0,1,1,0,0,0,0,0,1,0,0,0,0,2,2,2,1,1,1,1,2,2,1
syn_aggregate_00505,20,2.0,1,2,1,3,0,2,1,0,0,0,0,1,0,1,0,1,1,0,0,2,3,2,2,2,4,3,2,2,1,1,3,3,2,3,4,4,3,2,2,2,3,3,2,1,2,1,2,1,1,2,2,1,1,2,1,1,0,0,2,0,1,2,2,1,1,1,2,1,2
syn_aggregate_00506,18,2.0,0,0,0,1,0,0,0,0,0,0,0,1,0,1,0,0,1,1,1,2,2,1,1,1,2,1,1,1,1,1,2,1,2,1,2,1,2,1,2,2,2,2,3,1,1,1,1,2,0,1,1,1,0,0,0,0,0,0,0,1,2,1,1,2,0,0,1,2,1
syn_aggregate_00507,41,2.0,3,3,2,3,3,3,2,1,2,0,0,0,0,0,0,0,0,0,0,3,2,3,3,2,3,4,2,1,2,2,3,2,2,2,1,1,2,2,1,2,3,2,2,2,1,0,1,2,2,3,2,3,2,2,2,2,2,2,2,1,3,4,2,3,2,1,4,3,2
syn_aggregate_00508,19,2.0,0,3,2,1,1,2,1,0,0,1,1,1,2,1,1,2,1,1,1,2,1,1,1,1,2,1,1,1,1,1,3,3,2,2,3,2,3,1,1,0,0,0,0,0,0,0,0,0,1,0,1,0,0,1,1,0,1,0,1,0,1,0,1,2,0,0,1,1,0
syn_aggregate_00509,21,2.0,2,3,1,3,2,2,3,1,2,1,2,0,0,0,0,0,4,1,1,0,0,0,0,0,1,0,1,1,0,1,2,1,0,2,1,1,2,1,0,0,0,0,0,0,0,0,0,0,0,1,1,1,1,1,0,0,0,0,0,1,2,1,2,2,1,1,2,1,1
syn_aggregate_00510,21,1.0,0,0,0,0,0,0,0,0,0,1,1,1,0,0,0,0,0,1,0,0,0,0,0,0,1,0,0,0,0,2,3,2,1,2,2,1,3,1,1,0,0,0,0,1,0,0,0,0,0,2,2,1,2,2,2,3,1,1,2,1,2,2,2,2,2,1,1,1,1
syn_aggregate_00511,35,2.0,2,3,2,2,1,3,1,1,0,2,2,2,1,2,1,1,1,1,1,0,0,0,0,0,1,0,0,0,0,0,0,0,0,0,1,0,0,0,0,0,1,0,1,1,0,0,1,1,0,1,2,1,2,2,2,2,1,1,1,2,3,2,3,3,2,2,2,1,1
syn_aggregate_00512,20,2.0,2,3,3,3,2,2,2,2,0,0,0,0,0,0,0,0,0,1,0,3,4,3,3,2,4,3,2,2,2,2,3,4,3,2,2,3,3,2,2,0,0,0,1,0,1,0,1,1,0,1,2,2,1,1,2,1,1,0,2,0,2,2,0,2,1,1,1,1,0
syn_aggregate_00513,20,2.0,0,2,1,2,1,2,1,0,1,0,1,0,0,0,0,0,0,3,1,2,2,2,1,2,2,1,2,1,1,2,3,3,2,2,1,2,3,2,1,3,4,4,2,3,2,1,4,3,4,1,0,2,0,0,1,1,0,1,0,1,2,1,1,2,1,2,1,2,1
syn_aggregate_00514,19,2.0,1,2,2,2,0,1,1,0,0,0,0,0,0,1,0,0,0,0,0,0,0,0,0,0,0,0,1,0,0,3,2,2,2,2,1,2,2,1,1,0,0,0,1,0,0,0,0,0,0,0,0,0,0,0,1,0,0,0,0,0,1,0,0,1,0,0,1,0,0
syn_aggregate_00515,45,2.0,2,3,1,1,1,0,0,0,0,1,1,0,1,0,1,0,1,0,0,0,0,0,0,0,0,0,0,1,0,2,2,2,2,2,2,1,2,1,1,1,1,1,2,1,1,1,1,1,1,0,0,0,0,0,1,0,0,0,0,3,2,3,2,3,2,2,3,2,1
syn_aggregate_00516,24,1.0,1,1,2,3,1,1,2,1,0,1,0,0,0,0,0,0,0,0,0,1,2,2,2,2,2,2,1,2,1,2,2,3,1,2,2,2,2,1,1,4,1,1,1,1,1,1,1,1,3,1,2,1,1,1,2,1,1,0,1,1,2,2,1,2,1,1,2,1,1
syn_aggregate_00517,19,2.0,2,3,2,3,2,2,1,2,0,0,0,0,0,0,0,0,0,1,0,4,4,4,4,4,4,4,4,4,4,3,3,3,4,3,3,3,4,3,3,2,0,0,1,0,1,0,1,0,1,2,1,2,1,1,2,2,1,1,1,1,2,1,2,2,1,1,2,1,1
syn_aggregate_00518,18,2.0,2,3,1,3,1,2,2,1,0,2,2,2,2,2,1,2,2,1,2,3,2,2,2,2,3,2,1,1,1,0,0,0,0,0,0,0,1,0,0,0,0,0,0,0,0,0,0,0,0,2,1,3,2,1,3,2,1,0,2,0,0,0,0,0,0,0,0,0,0
syn_aggregate_00519,19,2.0,1,2,1,1,0,1,0,0,0,0,0,0,0,0,0,0,1,0,0,4,4,1,2,3,3,1,2,1,2,1,2,1,1,1,0,1,1,1,0,0,0,0,0,1,0,0,0,1,0,0,0,1,0,0,0,1,0,0,1,2,2,2,2,2,2,2,2,2,2
syn_aggregate_00520,27,1.0,0,0,0,1,0,0,0,0,2,1,1,1,0,0,0,0,0,0,0,3,2,3,2,2,3,2,2,2,2,0,0,0,0,0,0,0,1,0,0,1,0,1,0,0,0,0,0,1,0,0,0,1,0,0,0,0,0,0,0,0,0,0,0,0,0,0,0,0,0
syn_aggregate_00521,22,2.0,0,0,0,0,0,0,0,0,0,0,0,0,1,1,0,0,1,1,0,1,1,0,1,1,0,0,1,1,1,0,0,0,0,0,0,0,0,0,0,0,0,0,0,0,0,0,0,0,0,0,0,0,0,0,0,0,0,0,0,0,0,1,0,1,0,0,1,0,0
syn_aggregate_00522,18,2.0,1,2,3,1,0,2,2,1,0,3,2,2,3,3,1,2,2,1,1,1,1,0,2,1,1,0,2,0,1,2,2,2,1,1,1,1,2,1,2,1,2,2,2,1,0,1,1,1,1,0,0,0,0,0,0,1,0,0,0,1,2,2,2,2,1,2,2,2,1
syn_aggregate_00523,18,1.0,1,1,0,1,1,2,1,0,0,0,0,0,0,0,0,0,0,0,1,1,1,1,2,1,3,2,2,1,1,1,2,1,0,2,1,1,2,1,1,0,0,0,1,0,0,0,0,1,0,0,1,0,0,1,1,0,0,0,1,0,1,0,0,1,0,0,1,0,0
syn_aggregate_00524,20,1.0,1,1,1,1,0,1,1,0,0,0,1,0,0,0,0,0,1,0,0,3,2,3,2,2,2,1,2,2,1,2,3,3,3,2,2,3,3,1,2,1,2,2,1,1,1,0,1,1,1,0,0,0,0,0,2,2,0,0,0,0,4,3,2,4,1,1,3,3,1
syn_aggregate_00525,18,2.0,1,2,1,1,0,1,1,0,0,0,0,0,0,0,0,0,0,0,0,2,2,2,2,1,2,2,3,2,2,0,0,1,0,0,0,0,1,0,0,0,0,0,0,0,0,0,0,0,0,0,0,0,0,0,0,0,0,0,0,0,1,1,0,1,0,0,1,1,0
syn_aggregate_00526,18,1.0,0,2,1,1,0,1,0,1,3,0,0,0,0,2,0,0,1,0,0,1,1,0,1,0,1,0,0,1,0,1,1,1,1,1,0,0,1,1,0,1,0,0,1,0,0,0,0,0,0,0,0,0,0,0,0,0,0,0,0,0,0,0,0,0,0,0,0,0,0
syn_aggregate_00527,19,2.0,0,1,0,1,0,1,0,0,1,1,1,0,1,1,0,0,1,0,0,0,0,0,0,0,0,0,0,0,1,1,2,1,0,1,1,1,1,1,0,1,0,1,1,0,1,0,0,0,0,0,0,0,0,0,0,0,0,0,1,2,2,3,2,2,2,1,3,2,2
syn_aggregate_00528,19,2.0,1,1,0,0,0,0,0,0,0,0,0,0,0,0,0,0,0,0,0,3,2,3,2,2,2,2,2,1,2,0,0,1,0,0,0,0,1,0,0,1,1,0,1,1,1,0,1,0,0,0,0,0,0,0,0,0,0,1,0,0,0,0,0,0,0,0,0,0,0
syn_aggregate_00529,22,2.0,2,1,1,2,0,1,1,0,0,1,2,1,1,2,1,1,2,1,1,2,2,1,1,1,1,0,1,0,0,0,1,0,0,0,0,0,0,1,0,0,0,0,1,0,0,0,0,0,0,0,0,0,0,0,0,1,0,0,0,3,3,2,2,3,2,1,2,2,1
syn_aggregate_00530,18,1.0,1,1,0,0,0,0,1,0,0,0,0,0,0,1,0,0,0,0,0,0,0,0,0,0,0,0,0,0,1,0,1,0,0,0,0,0,1,0,0,0,0,0,0,0,0,0,0,0,0,1,0,1,0,0,0,0,0,0,0,1,0,1,0,0,0,0,1,0,1
syn_aggregate_00531,20,1.0,2,2,1,1,1,1,1,1,1,0,0,0,0,0,0,0,0,0,0,2,1,0,1,0,2,1,2,1,0,1,2,3,1,2,4,3,3,1,1,0,0,0,0,0,0,0,0,0,0,3,3,3,3,3,3,3,3,4,4,1,2,2,2,3,2,1,3,2,2
syn_aggregate_00532,20,1.0,2,2,1,1,0,2,1,0,0,0,0,0,0,0,0,0,0,0,0,0,0,0,0,0,0,0,0,0,0,1,1,1,0,0,1,0,1,1,0,0,0,0,1,0,0,0,0,0,0,0,0,0,0,0,1,0,0,0,0,1,3,1,1,2,0,0,2,1,0
syn_aggregate_00533,40,2.0,1,2,2,2,0,1,1,0,1,2,2,2,3,4,2,3,3,2,3,2,3,2,2,2,2,2,3,2,2,2,2,2,1,2,2,1,2,1,2,0,1,0,1,0,2,1,0,1,1,1,2,1,2,1,2,1,2,1,1,2,1,2,1,2,1,1,2,1,1
syn_aggregate_00534,22,2.0,1,3,2,3,1,2,3,1,0,1,1,1,0,1,0,1,1,0,0,2,3,1,3,2,4,3,1,3,1,2,1,3,1,2,2,1,3,1,1,1,0,0,0,0,0,0,0,0,0,0,0,0,0,0,1,0,1,1,0,1,2,2,2,1,1,1,2,2,1
syn_aggregate_00535,50,2.0,0,0,0,0,0,1,0,0,0,0,0,1,0,0,0,0,0,0,0,2,1,2,1,1,1,1,1,1,1,0,0,0,0,0,0,0,0,0,0,0,0,0,0,0,0,0,0,0,1,0,0,0,0,1,0,0,0,0,0,0,0,0,0,0,0,0,0,0,1
syn_aggregate_00536,46,2.0,2,0,1,2,0,2,1,1,0,1,2,1,1,2,0,1,1,1,1,1,1,2,1,1,1,0,1,1,1,1,3,3,2,2,3,2,3,2,2,0,0,0,1,0,0,0,0,0,0,2,2,1,1,2,2,1,1,1,2,2,1,1,2,1,1,0,1,1,0
syn_aggregate_00537,20,1.0,2,2,1,2,1,1,1,1,0,2,1,2,1,2,1,1,2,1,1,2,2,2,2,2,2,2,2,2,2,1,1,1,0,1,2,2,1,2,0,3,1,3,2,1,2,1,1,1,1,0,0,0,0,0,0,1,0,0,0,1,2,1,1,2,0,0,1,0,0
syn_aggregate_00538,19,2.0,2,3,2,3,1,2,2,1,3,3,2,3,2,3,2,2,3,2,2,1,1,1,1,1,1,1,1,1,1,0,0,1,0,0,1,0,0,1,0,2,1,3,1,1,1,0,1,1,1,1,2,1,1,1,1,1,0,1,1,2,3,2,2,2,1,2,3,1,2
syn_aggregate_00539,18,2.0,2,2,2,1,1,1,2,1,2,0,0,0,1,1,1,0,0,0,1,2,3,0,0,2,1,2,0,1,0,3,3,4,2,3,4,3,2,2,1,0,0,0,1,2,0,0,1,1,0,2,3,2,3,3,4,4,3,2,2,1,2,1,1,2,1,1,2,0,1
syn_aggregate_00540,22,1.0,2,2,2,1,0,1,1,0,0,0,0,0,0,0,0,0,1,0,0,3,2,4,2,2,2,0,3,2,2,1,2,1,0,0,1,1,1,0,1,1,1,2,1,1,1,0,1,1,1,0,0,0,0,0,0,0,0,0,0,0,1,1,0,2,0,0,1,0,0
syn_aggregate_00541,19,2.0,1,2,1,1,1,1,0,0,0,0,0,0,0,0,0,0,0,1,0,3,1,0,0,1,3,4,3,4,0,1,2,1,1,1,1,2,1,1,0,1,0,0,0,0,0,0,0,0,0,0,1,1,0,0,1,0,0,1,0,1,1,1,0,1,0,0,1,0,0
syn_aggregate_00542,51,1.0,2,2,1,2,1,1,1,0,0,3,4,2,1,4,2,3,1,0,0,1,1,0,0,1,1,0,1,0,0,1,1,0,0,0,0,0,0,0,1,0,1,0,1,0,0,0,1,0,0,0,0,0,0,0,1,0,0,0,0,0,1,1,1,1,0,0,2,0,0
syn_aggregate_00543,19,1.0,1,2,1,2,1,0,1,1,0,0,0,0,0,0,0,0,0,0,0,0,1,0,0,0,0,0,0,0,0,1,2,1,1,1,2,3,1,0,1,3,3,4,3,2,2,2,1,2,2,2,1,4,1,1,1,1,1,1,1,1,2,2,1,3,0,0,2,1,0
syn_aggregate_00544,20,2.0,2,2,1,2,1,1,1,0,0,0,0,0,0,0,0,0,0,0,3,1,2,2,1,1,2,1,2,1,1,0,1,0,0,1,1,0,2,1,0,0,1,0,0,2,0,0,3,1,0,0,0,0,0,0,0,0,0,0,0,0,0,0,0,0,0,0,0,0,0
syn_aggregate_00545,18,1.0,1,2,1,1,0,0,0,0,0,0,1,1,0,0,0,4,1,0,0,3,2,3,3,3,3,3,2,2,2,1,2,1,2,1,2,0,2,0,0,0,0,0,0,1,0,0,0,0,0,2,1,3,2,2,4,2,1,2,2,2,1,2,1,2,0,0,2,1,1
syn_aggregate_00546,21,2.0,1,2,2,1,1,1,1,0,0,2,1,2,1,1,3,2,1,0,1,0,1,0,1,0,0,0,1,0,0,3,2,3,2,2,2,2,3,2,2,2,1,3,3,2,1,2,1,2,2,3,3,3,3,3,3,4,1,0,1,1,1,1,2,2,1,1,1,2,1
syn_aggregate_00547,22,2.0,1,2,1,2,0,1,1,0,0,0,0,0,0,0,1,0,0,0,0,4,4,3,4,4,4,4,2,2,4,0,0,0,1,1,0,0,1,1,0,0,1,0,1,0,0,0,0,0,1,1,0,1,0,0,0,1,1,1,0,2,2,3,2,2,1,1,2,2,2
syn_aggregate_00548,28,1.0,2,2,2,2,2,1,1,0,0,0,0,0,0,1,0,0,0,1,0,3,2,2,2,2,2,1,2,1,1,2,2,2,2,2,2,1,3,1,1,3,2,2,2,2,2,2,2,1,3,0,1,2,1,1,2,1,1,0,2,3,2,3,2,3,2,2,2,3,2
syn_aggregate_00549,20,1.0,3,3,3,3,3,3,2,2,0,3,2,3,2,2,3,2,2,2,2,4,4,4,3,4,4,4,4,4,4,2,3,4,3,3,2,3,4,3,3,1,2,2,2,1,2,2,1,1,1,3,2,4,2,3,2,2,3,2,3,0,0,0,1,1,1,0,1,1,0
syn_aggregate_00550,22,1.0,1,2,1,0,0,1,1,0,0,0,0,0,0,0,0,0,1,0,0,2,2,1,1,1,1,1,1,1,0,1,2,2,1,2,1,2,2,0,0,0,0,0,1,0,0,0,0,0,0,0,0,0,0,0,0,1,0,0,0,0,0,1,0,1,0,0,1,0,0
syn_aggregate_00551,21,1.0,2,3,2,3,2,3,2,2,2,0,2,1,0,1,0,0,0,1,0,1,1,1,1,1,1,0,0,0,0,3,0,0,1,1,0,0,0,0,0,0,0,0,1,0,0,0,0,0,0,2,2,1,2,2,1,2,1,1,1,2,2,2,2,3,1,1,2,1,1
syn_aggregate_00552,22,1.0,1,1,1,0,0,0,0,0,0,0,0,0,0,1,0,0,0,0,0,0,0,0,1,0,0,0,0,0,1,1,3,4,2,2,3,1,2,1,1,1,2,1,1,2,1,1,1,2,0,1,1,1,1,1,1,1,1,1,0,1,3,1,2,3,2,1,2,2,1
syn_aggregate_00553,20,2.0,0,1,0,0,0,0,0,0,0,2,1,1,1,1,1,1,1,1,0,2,1,1,1,0,2,1,1,1,0,2,1,2,1,2,0,0,1,1,0,1,0,1,1,0,0,0,0,0,0,0,0,0,0,0,0,0,0,0,0,1,2,1,1,2,1,0,1,1,0
syn_aggregate_00554,19,1.0,2,3,1,2,1,0,2,0,0,1,2,2,1,1,2,1,1,2,1,3,4,2,3,2,2,3,2,2,2,3,1,4,1,1,1,2,1,4,1,3,2,2,4,1,2,2,1,1,2,2,2,2,2,2,2,2,1,1,1,1,1,1,1,1,0,0,0,0,0
syn_aggregate_00555,19,1.0,1,2,1,1,1,2,0,0,0,0,0,0,0,0,0,0,1,0,0,0,1,0,0,0,1,0,0,0,0,0,0,0,0,0,0,0,0,0,1,1,0,1,0,1,0,0,0,1,0,0,0,0,0,0,0,0,0,0,0,1,1,0,0,1,0,0,1,0,0
syn_aggregate_00556,43,1.0,0,1,1,2,2,2,1,1,1,0,0,0,0,0,0,0,0,0,0,0,0,0,0,0,0,0,0,1,0,0,1,0,0,0,0,0,0,0,0,0,1,0,0,1,0,0,1,0,0,1,1,1,2,2,2,2,1,2,1,1,2,2,1,2,0,0,2,2,1
syn_aggregate_00557,19,2.0,1,2,1,2,0,1,1,0,0,2,2,1,1,2,1,0,3,1,0,0,0,1,0,1,0,0,1,0,0,1,2,2,0,1,2,1,1,2,0,0,0,0,0,0,0,0,0,0,0,0,0,0,0,0,1,0,0,0,0,1,1,1,1,1,1,1,1,1,1
syn_aggregate_00558,18,2.0,0,1,0,0,0,0,0,0,0,2,2,2,1,2,1,2,1,0,2,1,2,1,1,0,2,0,2,1,2,2,2,1,1,2,1,0,1,1,1,1,3,3,3,3,3,3,3,2,2,0,0,0,0,0,0,1,0,0,0,1,2,1,2,2,1,1,1,1,1
syn_aggregate_00559,21,2.0,1,0,0,0,0,0,0,0,0,0,1,0,0,0,1,0,1,0,0,1,1,1,1,0,1,0,1,0,0,0,0,0,0,0,0,1,0,0,0,1,0,2,0,1,0,1,2,0,1,2,2,2,2,2,2,0,0,0,1,0,0,0,0,0,0,0,0,0,0
syn_aggregate_00560,19,2.0,3,3,2,3,1,2,3,1,0,0,0,0,0,0,0,0,0,0,0,3,2,3,3,4,3,2,3,2,3,2,2,2,2,1,1,2,2,1,1,1,1,0,1,1,0,1,1,0,0,0,1,0,0,1,1,1,0,0,1,2,3,2,1,3,2,1,3,2,1
syn_aggregate_00561,19,2.0,2,2,1,2,1,1,2,0,1,2,1,2,1,1,2,1,2,1,1,2,2,1,1,1,2,2,1,1,1,2,2,2,2,1,2,1,2,1,1,1,2,1,1,1,1,1,1,1,0,1,2,0,0,1,1,2,2,1,1,1,2,2,1,2,0,0,1,2,1
syn_aggregate_00562,19,2.0,0,2,2,1,2,3,1,0,0,0,1,1,0,1,0,0,0,0,0,3,3,2,2,2,4,2,2,2,1,1,2,0,2,2,2,1,2,0,0,2,2,2,2,2,1,2,1,1,1,0,0,0,0,0,0,1,0,0,0,0,1,1,1,1,0,0,1,1,1
syn_aggregate_00563,27,2.0,1,0,0,0,0,0,0,0,0,1,1,0,0,0,1,1,1,1,0,0,0,0,0,0,0,0,0,0,0,0,0,0,0,0,0,0,0,0,0,1,1,0,0,0,0,0,0,0,0,0,0,0,0,0,0,0,0,1,0,0,0,0,0,0,0,0,0,0,1
syn_aggregate_00564,20,2.0,0,1,0,0,0,0,0,0,0,0,0,0,0,0,0,0,0,0,0,0,0,0,0,0,0,0,0,0,0,0,0,1,0,0,0,0,0,0,0,0,0,0,0,0,0,0,0,0,0,0,0,0,0,0,0,0,0,0,0,0,0,0,0,0,0,0,0,1,0
